AGENCY_NAME,Offense.Description,Offense.Level,MEAN,WHITE,BLACK,HISPANIC,ASIAN,MULTIRACIAL,NATIVEAM,PACISL
"CHP-HQ A/C, STAFF",DISORD CONDUCT:ALCOHOL,M,2.2267164075400514e-4,0.3616702350673276,0.21760641360706512,0.2806486748302634,0.07242773048745496,0.7403425062215444,5.327304439786345,0
"CHP-HQ A/C, STAFF",DISORD CONDUCT:UI/DRUG,M,2.7937076627969663e-4,0.5114435598546936,0.34688509325251704,0.3221138793231871,0.14432076947865102,0.8851316985072696,4.246112204938789,0.5439927946448934
"CHP-HQ A/C, STAFF",DISORDRLY CONDUCT:TOLUENE,M,9.315177235828565e-5,1.143427724050992,0.520170211792754,0.831875756671778,0.2596987879366306,0,4.244827519547845,0
"CHP-HQ A/C, STAFF",DUI ALCOHOL,M,0.012246642086470041,0.6851749559957608,1.0413709535673623,1.36020967398719,0.5287353047592983,0.8345882343756518,1.420649103354628,1.1292717739601088
"CHP-HQ A/C, STAFF",DUI ALCOHOL AND DRUG,M,0.013066085924613642,0.6915125265560156,0.8692580035834047,1.010127766356891,0.4289227533540851,0.92103247688665,2.1486417466452377,0.9305047266177157
"CHP-HQ A/C, STAFF",DUI ALCOHOL:CAUSE BOD INJ,M,4.590380960004912e-5,1.414839782959665,1.4778008320032594,1.9603863400424222,0.3513347089108094,1.7956383360838437,0,0
"CHP-HQ A/C, STAFF",DUI ALCOHOL/0.08 PERCENT,M,0.0012491815124916954,0.7153999051238296,0.6749324370331286,1.058566193798442,0.322763373906354,0.5278761458819765,2.848840481245613,0.8516214630106567
"CHP-HQ A/C, STAFF",DUI ALCOHOL/DRUG,M,8.244410248887259e-4,0.9421663251207567,1.069666498421715,0.7701264128972694,0.48904655084052867,0.9997881934765053,1.438841086981846,1.2903649322613788
"CHP-HQ A/C, STAFF",DUI ALCOHOL/DRUGS,M,0.010264570001992497,0.6560096382382267,0.8704759094555802,1.0383991683447602,0.43129197169240097,0.8752927584771145,2.195762003015037,0.9327685507768805
"CHP-HQ A/C, STAFF",DUI ANY DRUG,M,0.0017145378340784844,0.881844266307276,0.7687027445297664,0.7450093506279087,0.4044745203730894,0.8653524557654266,2.5368616477045762,0.7977550146919571
"CHP-HQ A/C, STAFF",DUI DRUG,M,3.321585271451724e-4,1.0167494122843446,0.8169194222061716,0.5719473902069682,0.26704661016198994,1.4889271276323415,2.3808704247311936,0.45753961277699007
"CHP-HQ A/C, STAFF",DUI:ALCOHOL/DRUGS,M,9.713121865055722e-4,0.9066858632599247,0.6684709848362489,1.1452203848280416,0.5230238608610267,0.5940278419719821,2.849642458997266,0.31292860524550964
"CHP-HQ A/C, STAFF",EVADING PEACE OFFICER,M,3.0114323268548863e-4,0.20703993251015368,0.28962496717551706,0.21581823491868066,0.21421834971897247,0.8211372331540397,5.2521612825226365,0
"CHP-HQ A/C, STAFF",ILLEGAL SPEED CONTEST,M,4.6203763511773e-5,0.22490474740658392,0.41948770813125025,2.5427777471387336,0.5235807764757431,0,0,3.2892490208476888
"CHP-HQ A/C, STAFF",OBSTRUCT/ETC PUB OFCR/ETC,M,4.3509652644349204e-4,0.34033391007909514,0.8909246424475493,0.47110328511957655,0.18533360534452625,0.5683334750835817,4.543971081925671,0
"CHP-HQ A/C, STAFF",RECKLESS DRIVING:HIGHWAY,M,8.980110844877274e-5,0.5496520947393337,1.4029049616766658,0.8907507104713802,0.6285735946706801,1.8357599747705176,0,1.6923586636714225
"CHP-HQ A/C, STAFF",TAKE VEH W/O OWNER CONSNT,M,8.149430075676803e-5,0.7650679126284186,1.4269889316878857,0.9201993315298491,0,2.022881097812139,0,1.8648627263417077
"CHP-HQ A/C, STAFF",TRESPASS:OCC PROP W/O CON,M,2.997476350539858e-5,2.2533754916816093,2.5864305296822345,1.0841153246160278,1.0760786540201277,0,0,0
"CHP-HQ A/C, STAFF",UNDER INFLUENCE CNTL SUB,M,4.6125188411135463e-4,1.6671302879516734,1.1765664766836124,0.6991002438173125,0.2097890823553186,1.0722120792930026,0.8572609032544292,1.3179409266446513
"CHP-HQ A/C, STAFF",UNSAFE LANE CHANGE/ETC,I,9.330068761774732e-5,0.2227517508643146,1.1425479539979138,0.9645073749566566,0.43214048029863456,0,4.23805243988248,0
LAPD,ASLT/BATT PEACE OFR/ETC,M,4.7584445966596854e-4,2.1379070948728853,1.3202655170853106,1.5578602274913025,1.0972468894639476,0.8867202710865535,0,0
LAPD,ASSAULT & BATTERY,M,0.0010464563261641678,0.7291115889935141,0.7326316468603661,0.5883238675867083,0.5442981128694192,1.2096279158157095,3.1960068678742823,0
LAPD,BAT:SPOUSE/EX SP/DATE/ETC,M,0.00211048783003248,0.666803445848302,0.7921201958300369,0.9703898550141736,0.8996090784101738,0.9996289063262415,1.5846959919686907,1.086752526602382
LAPD,BATTERY ON PERSON,M,0.0021846357496888543,0.9158103899734377,0.9553253916839822,0.7591653719711963,0.630079938374311,1.1588410424853761,1.5309104072967343,1.0498674582149623
LAPD,BATTERY:SPOUSE/ETC,M,1.499708451897177e-4,1.6958483582073884,1.5620327232024664,1.8431358102037092,1.8989831083864355,0,0,0
LAPD,CONTEMPT:DISOBEY CRT ORDR,M,1.2847700167983717e-4,1.979559051570478,0.9945580552432589,1.8092052151423057,2.2166776780439568,0,0,0
LAPD,CONTEMPT:VIOL PROTECT ORD,M,2.376226158067997e-4,0.7135342476569085,0.8962238751303186,1.6391376154909676,0.1997509796495007,3.5513532820723044,0,0
LAPD,CRRY LOAD F/ARM PUB PLACE,M,2.2880020218230001e-4,0.5187334230702073,2.1873372046242108,1.6199705050851756,0.8298130830577927,1.8441457841626137,0,0
LAPD,DISORD CONDUCT:ALCOHOL,M,0.003210128625354095,0.23239824144429208,0.20565702122100918,0.33660263562813103,0.13307508903991203,0.5257620207956618,5.209264169254675,0.35724082261631834
LAPD,DRIV:SUSP/ETC LIC:DUI:VIO,M,3.1155340587590906e-4,0.5986359266759352,1.2303942231825002,3.9521649993753885,1.2188048507661764,0,0,0
LAPD,DRIVE:LIC SUSPENDED/ETC,M,4.707332634612783e-4,0.1080560186989538,0.7917123913962777,0.5204766116911218,0.20166558847052707,5.37808938974312,0,0
LAPD,DUI ALCOHOL,M,0.003872956498237247,0.9675028433333649,0.5581201533730377,1.81509335657452,0.6863127994568928,0.6536726066436627,1.727094846984928,0.5922033936335935
LAPD,DUI ANY DRUG,M,5.030232726703379e-4,1.9886874291635932,1.6087916362606443,1.7983984240618869,1.604122510513875,0,0,0
LAPD,ENTER NONCOMM DWELLING,M,7.679319882899951e-5,1.5455315560101444,2.2185616935290517,2.6178135987485094,0.6180931517122942,0,0,0
LAPD,EXHIBIT DEADWPN:NOT F/ARM,M,1.0376218632646672e-4,1.7974473017440271,2.56551867660787,2.17959040008692,0.45744362156118273,0,0,0
LAPD,IN CUSTODY ARREST,X,7.556378962518701e-5,2.4682068324085464,2.5364894528448727,1.9953037147465804,0,0,0,0
LAPD,INDECENT EXPOSURE,M,5.725089543193267e-4,0.4146181860798659,0.5021757842088795,0.2414081327202345,0,0,5.84179789699102,0
LAPD,LOCAL ORDINANCE VIOL,M,2.1764450914479508e-4,1.4022562531532041,1.4188110716460753,3.08849969159838,1.0904329836023408,0,0,0
LAPD,LOITER:INT:PROSTITUTION,M,7.158298600497908e-4,0.2842326935914821,1.5024009487225187,0.34226799921365175,0.19892443558159323,0,4.672173922890754,0
LAPD,OBSTRUCT/ETC PUB OFCR/ETC,M,2.209329102004635e-4,1.2278976400003316,2.1688343672674977,1.4786126929019574,0.2148405606535372,1.9098147391766762,0,0
LAPD,OBSTRUCT/RESIST EXEC OFCR,M,6.721649834543922e-4,0.15134844441727086,0.41188099177863496,0.20561665815669555,0,1.2554683408278788,4.9756855648195195,0
LAPD,PETTY THEFT,M,0.0011593780068344152,1.2869456604222504,0.6245369543197845,0.48225467748331696,0.36846321918333447,0.36393732310147636,2.8847205877943107,0.9891415776955264
LAPD,PETTY THEFT:-$950,M,1.7189685617564833e-4,1.2822656656939384,1.115010243150846,0.7674725664396467,1.3806346244571204,2.4546169002584484,0,0
LAPD,POSS UNLAW PARAPHERNALIA,M,4.64847940122111e-4,1.9696335999633168,2.3823014463726655,1.229821216651254,0.5105470649371544,0.9076966720756091,0,0
LAPD,POSSESS CNTL SUB,M,1.896372627171033e-4,1.9669874914171879,1.5160529580665794,1.2919699982282717,0,2.2249895522879615,0,0
LAPD,PRCS VIOLATION,X,1.5881379702589886e-4,0.6405685560240895,2.078489096003904,3.0854454532898736,1.1954968946821332,0,0,0
LAPD,PRCS:FLASH INCARCERATION,X,8.748318421428586e-5,0.9690540869012167,2.7994811001692583,3.231464812929525,0,0,0,0
LAPD,PROB VIOL:REAREST/REVOKE,X,2.0353438361930988e-4,1.1662531899196997,0.7324273198414912,2.56183884000446,0.4664111237643682,2.073069526469981,0,0
LAPD,PROB VIOL:REARREST/REVOKE,X,3.370729700620524e-4,0.9054222706037954,0.6318010652642013,2.255137060717738,0.7040812303274746,2.5035583730867907,0,0
LAPD,PROSTITUTION,M,0.0014885306889187299,0.6378709580432976,1.7382921408202774,0.7259089544095333,1.0841710701832945,0.5669227129963179,2.24683416354728,0
LAPD,REC KNWN STOLN PROP,M,8.182363291673467e-4,0.43515415233869237,0.46848752266064625,0.49137461395908777,0.11601868213939324,0,4.0874274169109315,1.4015376119912484
LAPD,SHOPLIFTING,M,0.0022996455210870024,1.4377266062982745,1.0973918616192908,0.7403207014792693,0.7224101475929732,0.5504425674317814,1.454346582846513,0.9973615327318976
LAPD,TAKE VEH W/O OWNER CONSNT,M,8.927517501124912e-4,1.3294436226221336,1.9203016351607431,2.5332805584609606,0.7443445549518779,0.47262962880428466,0,0
LAPD,THEFT,M,2.6588441061283906e-4,1.0203042683407877,0.6007208011917079,0.7088263927920199,0.3570374824524831,0,0,4.313111055223001
LAPD,THRTN CRIME:INT:TERRORIZE,M,0.0017925288038814604,1.239103968526304,1.5919995364560695,1.1740596531222425,1.2445386980676547,0.4707772922325047,0,1.279520851595225
LAPD,TRESPAS:REFUSE LEAVE PROP,M,4.1276452849623737e-4,1.1912371383744023,1.4188438658120164,0.806649744761243,0.8049564076410818,0,0,2.7783128434112574
LAPD,TRESPASS:INJURE PROPERTY,M,1.804072330123525e-4,1.4097428764208326,1.2394803185053611,0.6964461624862778,1.3155057450228511,2.3388248975646775,0,0
LAPD,TRESPASSING,M,0.0011012263877918462,1.2779212095601973,1.1990004928058522,0.9412800071811857,0.7327384849729647,0.7663109655701376,0,2.0827488399096628
LAPD,UNDER INFLUENCE CNTL SUB,M,4.087360920552464e-4,2.198545594004424,0.6252339317121661,0.6147924176915509,0.46450852975195117,3.096919526839908,0,0
LAPD,VANDALISM,M,7.818350835707367e-4,0.6289055659956585,0.6264940674496114,0.8597657146591368,0.607101820981288,0,4.277732830914306,0
LAPD,VANDALISM -$400,M,1.7054048520869912e-4,1.6901452234079175,0.9365652734731543,1.6208270717502662,0.2783230635013111,2.4741393678673513,0,0
LAPD,VANDALISM $400 OR MORE,M,1.592008748944685e-4,2.343040664307918,1.8727804503423706,2.4860313385742985,0.29814754677541266,0,0,0
LAPD,VANDALISM:DAMAGE PROPERTY,M,7.366819320149508e-4,1.104749501422747,0.6793477251302121,0.6992707036638032,0.2577250682093388,1.1455172441000738,0,3.1133897574738247
LAPD,VANDALISM:DEFACE PROPERTY,M,3.758577674350321e-4,0.9473236077077631,1.019889820073524,2.1561435926416053,0.6314270238207818,2.245215955756326,0,0
LAPD,VIO ORD:PREVNT DOMES VIOL,M,5.60612174841248e-4,1.4819588689373793,1.2156029204597507,2.364457051528519,1.1853379821944952,0.752643176879856,0,0
LOS ANGELES CO SD,BAT:SPOUSE/EX SP/DATE/ETC,M,0.0020403326369396726,0.6880432775881439,1.7331715735355804,1.0319786824526038,0.5082754572849533,1.7245466622165886,0,1.31398434692213
LOS ANGELES CO SD,BATTERY,M,8.641221961792056e-4,1.1191563208180508,1.607688950867557,0.7658102639776999,0.3273056672601108,1.6287737333464674,0,1.5512650637301142
LOS ANGELES CO SD,CONTEMPT:DISOBEY CRT ORDR,M,0.0016358375459527817,0.286058795663677,0.33455415518786774,0.42292302197820386,0.11526494698468516,1.5056838579637382,4.335515222221828,0
LOS ANGELES CO SD,DELIVER/ETC DRUG PARAPHNL,M,4.4765095823515264e-4,1.6028487258995021,1.3165936770775806,1.511877703670303,0.21060462905426908,2.358075264298345,0,0
LOS ANGELES CO SD,DISORD CONDUCT:ALCOHOL,M,5.303521016883728e-4,1.5881945037128264,1.190666713828657,1.3895540771985861,0.17776372282634686,2.6538209824335834,0,0
LOS ANGELES CO SD,DISORD CONDUCT:UI/DRUG,M,0.0024997388160921657,1.1606266361759097,1.1115078887869658,0.9506181894882354,0.4525786297255773,2.252170549143419,0,1.0724981066798922
LOS ANGELES CO SD,DRIVE W/O LICENSE,M,8.369265592588651e-4,0.5218490586123347,0.6036109975036404,1.527478980485318,0.5632355847829058,3.7838253786158007,0,0
LOS ANGELES CO SD,DRIVE:LIC SUSPENDED/ETC,M,0.00047988265786651717,0.9751252949566686,2.105423344604598,2.2565299801957113,0.19645920197250877,1.466462178270514,0,0
LOS ANGELES CO SD,DUI ALCOHOL,M,0.001918851090060208,1.28436965699364,0.9433881793989867,1.2932614676164564,1.1300404618915574,1.6503541996382483,0,0.6985860344611113
LOS ANGELES CO SD,DUI ALCOHOL/0.08 PERCENT,M,0.0010326127564052928,1.2688667684020307,0.9784463190831523,1.2962721423344403,0.7303986004054303,2.726016169774947,0,0
LOS ANGELES CO SD,DUI ANY DRUG,M,3.1101456327973777e-4,1.3039677357241677,1.6242907404215596,2.031010796629689,0.9093853645699473,1.1313453626546366,0,0
LOS ANGELES CO SD,LOITER:INT:PROSTITUTION,M,0.0016626491365887709,0.4503133780893822,5.266547089627485,0.37992016597453016,0.05670310225423128,0.8465162640543717,0,0
LOS ANGELES CO SD,OBSTRUCT/ETC PUB OFCR/ETC,M,5.62735740750848e-4,0.7206809990707159,2.019865786104749,0.5078000845459979,0,3.7516531302785365,0,0
LOS ANGELES CO SD,POSS UNLAW PARAPHERNALIA,M,0.006845428572728964,1.2714748635304793,0.9716720076383564,1.236947931400703,0.33053543866219015,2.2102619063638222,0,0.979107852404449
LOS ANGELES CO SD,POSSESS BURGLARY TOOLS,M,2.6904790565336997e-4,1.5073633629381153,1.0952964300518424,2.7391141494384157,0.3504110681551464,1.3078149894164806,0,0
LOS ANGELES CO SD,POSSESS CNTL SUB,M,0.013272480198933874,1.0342006566191848,0.5550718595133638,1.2090826810982904,0.17758053240960073,2.147379778870646,1.0687073516417787,0.8079771398471356
LOS ANGELES CO SD,POSSESS NARCOTIC CNTL SUB,M,0.00201096791930762,1.7374691376569456,1.2141884547416137,0.9872166146630976,0.328171096961873,1.3997831810493966,0,1.3331715149270729
LOS ANGELES CO SD,SEXUAL BATT:SEX AROUSAL,M,0.0010202331394853948,0.6727093644314542,1.650531483834322,0.7370793515378343,0.27722300037946984,1.0346602269616596,0,2.6277965728552606
LOS ANGELES CO SD,SHOPLIFTING,M,9.114655524118031e-4,1.2663847822636125,2.26317985201644,1.0230458472188568,0.5171745863320768,1.930214932169014,0,0
LOS ANGELES CO SD,TRESPASSING,M,6.024031447852771e-4,1.4500234298497086,1.6772092896414106,1.2233550432652536,0.31300422257425964,2.336408014669368,0,0
LOS ANGELES CO SD,UNDER INFLUENCE CNTL SUB,M,0.003920958512657861,1.2730104077997695,0.7623060200817584,1.4422457401376265,0.43280043555929393,2.064008660948489,0,1.0256287354730633
LOS ANGELES CO SD,VIO ORD:PREVNT DOMES VIOL,M,4.7851279230366154e-4,1.1735002093730156,1.8475193264303842,1.9172553114909283,0.5910648504360645,1.4706603022696072,0,0
RIVERSIDE CO SO,DISORD CONDUCT:ALCOHOL,M,0.0062404891672034985,0.6455703353659636,0.5179968478152738,0.6820985392337573,0.22815925257493436,0,4.390242421693029,0.5359326033170421
RIVERSIDE CO SO,DUI ALCOHOL,M,0.001206406094460186,2.0134628505737058,0.7880854529246862,3.0182310803845906,1.180220616117017,0,0,0
RIVERSIDE CO SO,TRESPASSING,M,0.0015765212745499873,0.7891739585183797,1.0855241826934832,0.7807267623002927,0,0,4.344575096487844,0
RIVERSIDE CO SO,UNDER INFLUENCE CNTL SUB,M,0.0011792169320280622,1.1555464730981762,1.290010097434567,0.9132995611991394,0.8049552803047447,0,0,2.836188587963373
SAN BERNARDINO CO SO,BAT:SPOUSE/EX SP/DATE/ETC,M,0.004075186214896449,0.9586239887159325,1.4621598649274716,1.2092719124385702,0.5025001219528086,1.4571707811972776,1.4102733307679398,0
SAN BERNARDINO CO SO,DISORD CONDUCT:ALCOHOL,M,0.005435982213461716,1.4902541674190715,1.3223223333884992,1.4426023873537037,0.37670865899721406,1.3108745497171463,1.057237903124365,0
SAN BERNARDINO CO SO,DRIVE:LIC SUSPENDED/ETC,M,3.444610795432667e-4,2.2682221569206487,1.3728769510221253,3.3589008920572256,0,0,0,0
SAN BERNARDINO CO SO,DUI ALCOHOL,M,0.0016699257669022605,1.4036209302875675,1.3026640798108065,2.2581827737585702,0.6131355089407772,1.422396707202278,0,0
SAN BERNARDINO CO SO,DUI ALCOHOL/0.08 PERCENT,M,0.001148829373778109,2.25505513199901,1.3172439700393348,2.5364538526187013,0.8912470453429535,0,0,0
SAN BERNARDINO CO SO,ENTER NONCOMM DWELLING,M,4.970459847386644e-4,0.7445915194609067,4.186276201913756,2.0691322786253377,0,0,0,0
SAN BERNARDINO CO SO,FALSE ID TO SPECIFIC PO'S,M,5.368997811741403e-4,1.2254593269501446,3.699370555709389,2.0751701173404666,0,0,0,0
SAN BERNARDINO CO SO,OBSTRUCT/ETC PUB OFCR/ETC,M,0.001815460973668065,0.9060355111186761,1.6150149398016242,1.2982231699585598,0.5639839136361083,2.6167424654850318,0,0
SAN BERNARDINO CO SO,POSS UNLAW PARAPHERNALIA,M,0.008122086060172472,1.1037254394486706,0.7103363116486251,0.8441623521876747,0.3361667687824501,1.1697964756918988,1.4151848168571535,1.420627835383527
SAN BERNARDINO CO SO,POSSESS CNTL SUB,M,0.0013973494721959598,2.8251293934796284,0.744542370599063,2.4533444960089423,0.9769837399123665,0,0,0
SAN BERNARDINO CO SO,SHOPLIFTING,M,0.004152440056230833,0.6040857750145986,1.0021923249902247,0.7739830956745756,0.4109594885247303,1.4300609280017336,0,2.7787183877941377
SAN BERNARDINO CO SO,TAKE VEH W/O OWNER CONSNT,M,0.0016430593034845846,0.8509378155427421,0.7483278032802454,0.9910691135357629,0.6231611864595985,1.4456550089680313,0,2.34084907221362
SAN BERNARDINO CO SO,TRESPASSING,M,0.003103826286397974,1.0069046147857297,1.950223273570465,0.938825959394361,1.0996006117459751,0.7652802357281965,0,1.239165304775272
SAN BERNARDINO CO SO,UNDER INFLUENCE CNTL SUB,M,0.005268243834446346,1.3191463584794902,0.8258358499925819,1.1631715032585725,0.518270511468857,1.3526121721529851,1.0908998553187867,0.7300637493287265
SAN DIEGO CO SO,BAT:SPOUSE/EX SP/DATE/ETC,M,0.0036157097135632883,1.0077997759182138,1.1428548562562442,1.4004169824898047,1.066194584479611,0.7598100967417888,0.8589157615341959,0.7640079425801412
SAN DIEGO CO SO,DISORD CONDUCT:ALCOHOL,M,0.009114033974336697,1.2399271320691474,1.4996817073837097,1.6940389466176509,0.3383836511039178,1.2057241634114877,1.0222443994140873,0
SAN DIEGO CO SO,DISORD CONDUCT:UI/DRUG,M,8.568698379313477e-4,1.2919244220140174,2.967675510623426,1.8406017677845592,0.8997982995779972,0,0,0
SAN DIEGO CO SO,DUI ALCOHOL,M,0.004796751040421918,1.0481418014787232,0.3975990643028639,1.8862550225001007,0.723311482052897,1.1454639709677747,0.6474361575035248,1.151792501194116
SAN DIEGO CO SO,OBSTRUCT/ETC PUB OFCR/ETC,M,0.00108694202383794,1.6125676339997776,0.8773162153724491,1.2982658429636513,0.3546693412441178,0,2.857180966420005,0
SAN DIEGO CO SO,POSS UNLAW PARAPHERNALIA,M,0.0038482428266939693,1.953735905735698,1.4041960097698292,1.3157956799148864,0.801415147487121,0,0.8070150980518601,0.7178421590406049
SAN DIEGO CO SO,POSSESS CNTL SUB,M,0.006083114653958028,1.4634302538335233,1.46309764399748,0.9415517140399772,0.6971026141119175,0.9032388516515055,1.5315789223655962,0
SAN DIEGO CO SO,POSSESS NARCOTIC CNTL SUB,M,0.0024652861475980693,1.14130894674142,0.5157437071348261,1.0774663917298335,0.6254933317834089,0,2.5194560600095697,1.1205315626009411
SAN DIEGO CO SO,SHOPLIFTING,M,0.00210834366003883,0.7875929511109538,2.563001148384661,0.8661684650901574,0,0,1.4729999292689335,1.3102375061452944
SAN DIEGO CO SO,UNDER INFLUENCE CNTL SUB,M,0.005590811185051018,1.4520399477124761,1.0802395091561494,1.2620169561473957,0.6205799103649557,1.4741614354273767,1.1109622411916462,0
SAN DIEGO CO SO,VIO ORD:PREVNT DOMES VIOL,M,0.0025018926749110636,0.663704171572859,0.8893457748631162,0.5972070407445664,0.30817070246936484,2.1961395664987156,1.241296276716665,1.1041364671347131
SAN DIEGO PD,APPROPR LOST PROP,M,0.0015666979857742382,0.8951648821651047,0.7891661678606762,0.28069948573836734,0.29999300286729447,1.4105748341082438,3.3244016272603134,0
SAN DIEGO PD,BAT:SPOUSE/EX SP/DATE/ETC,M,0.006825444443584545,0.5790637706238312,0.6814446779461303,0.749744434377224,0.7115508034640387,0.6475606884349967,3.0523042866337082,0.5783313385200711
SAN DIEGO PD,BATT PO/EMERG PRSNL/ETC,M,6.168115129112225e-4,0.6201038383249139,2.0044778992418846,0.9722389248625974,1.2699677386593633,0,0,2.133211598911241
SAN DIEGO PD,BATTERY ON PERSON,M,9.3316522991707e-4,1.0656919626703387,1.6403980649609529,1.0282220433077611,0.6715472862618682,1.1841122453617419,0,1.410028397437337
SAN DIEGO PD,CONTEMPT:DISOBEY CRT ORDR,M,0.0022601227769483445,1.0492441302738686,1.0159375763061413,0.6544913466963465,0.41590522261198154,0.9777985399382241,2.3044470798023244,0.5821761043711136
SAN DIEGO PD,DIS CON:LODGE W/O CONSENT,M,0.0044064438304475964,2.227912462410786,1.443012076835296,0.9435812832900745,0.3555387302651068,0.2507628414676438,1.1819811017094668,0.5972115040216254
SAN DIEGO PD,DISORD CONDUCT:ALCOHOL,M,0.0205154790409973,1.2031487573053907,0.6973632550174717,0.7210315669587698,0.6338282407663075,1.131068879412077,1.5232400831367998,1.090319217403183
SAN DIEGO PD,DISORD CONDUCT:UI/DRUG,M,4.6037356065803224e-4,2.326293719324614,1.662522099723557,1.6499753033416091,1.3612088776102202,0,0,0
SAN DIEGO PD,DISRD CONDUCT:DRUG W/ALC,M,0.0014525460113734188,0.5617534030086955,0.36479347374913174,0.6055179188414828,0.21571247068181118,0.7607141990950281,3.585658073859377,0.9058504607644742
SAN DIEGO PD,DUI ALCOHOL,M,0.010503805425599493,0.6797308716907332,0.31949394821490446,0.7269774101271964,0.8054196986051992,2.103946771515034,1.487556115797739,0.8768751840491935
SAN DIEGO PD,EXHIBIT DEADWPN:NOT F/ARM,M,6.429043360755842e-4,1.1898727857834155,1.3736603191071004,0.6840385019000124,1.7057950142591123,0,0,2.04663337895036
SAN DIEGO PD,LOCAL ORDINANCE VIOL,I,0.0020269345194315514,0.7044885515112668,0.4937915470777734,0.2761356846901346,0.38646079324289623,0,5.13912342347793,0
SAN DIEGO PD,LOCAL ORDINANCE VIOL,M,0.0020129494780259027,1.9128006214776603,2.2228756381884267,0.7745794112696065,0.23348744639109495,0.5489319964325449,0,1.307324886240666
SAN DIEGO PD,OBSTRUCT/ETC PUB OFCR/ETC,M,0.005382216677157556,0.6016836014105876,1.0063779171894376,0.8096541331800606,0.3784054043093641,2.258306727817542,0.9676929870619676,0.977879229031041
SAN DIEGO PD,POSS UNLAW PARAPHERNALIA,M,0.003960175613808892,0.7855449071863626,1.2190846307303271,0.6259093817961906,0.276922823144332,1.1160842179196662,1.3151773661683563,1.661276673054766
SAN DIEGO PD,POSSESS CNTL SUB,M,0.002392204086761207,1.0659268546413856,1.279792510945248,0.7186285126591223,0.19647087635189356,0.46190556307703007,2.1772111176287092,1.100064564696611
SAN DIEGO PD,POSSESS NARCOTIC CNTL SUB,M,8.192529163767407e-4,0.995996045426945,0.7905132213140151,0.9759919070460484,0.1912304995373869,4.046268326675604,0,0
SAN DIEGO PD,PROB VIOL:REAREST/REVOKE,X,7.426876550677903e-4,0.7896729518880254,1.5061972301126598,1.02277855329083,0.421889722758042,1.4878022653947969,0,1.771659276555646
SAN DIEGO PD,TAKE VEH W/O OWNER CONSNT,M,8.854493776567896e-4,0.7199492828741978,0.7979064169978898,1.6254476263593922,0.8846702499287926,0,0,2.972026423839728
SAN DIEGO PD,TRESPASSING,M,6.98973928681772e-4,0.8390589818052995,1.6846258765129554,0.800757980202326,1.7930985751259625,0,0,1.8824585863534569
SAN DIEGO PD,UNDER INFLUENCE CNTL SUB,M,0.00826624684396876,1.2308075669299963,1.146705656800122,0.870559285453555,0.5117178303395685,1.336728017621226,0.6300723208058383,1.2734093220496943
SAN DIEGO PD,VIO ORD:PREVNT DOMES VIOL,M,0.0025721896634678665,0.47584321434657634,0.9155697839775138,0.6994291719691892,0.06090769536604288,1.2887529928887902,2.024863643340894,1.5346334981109937
SAN FRANCISCO PD - DOC,ADW/FORCE:POSSIBLE GBI,M,0.0015369616692190598,0.7264123262846984,2.580983774090938,1.2492978363217413,1.0772091277423226,0.4432113849838984,0,0.9228855505764013
SAN FRANCISCO PD - DOC,BATTERY ON PERSON,M,0.0011924380773706213,1.0214073222086222,1.7508900483785321,1.2881996469611432,0.607442652235299,1.1425312945118586,0,1.1895290357045452
SAN FRANCISCO PD - DOC,BATTERY:SPOUSE/ETC,M,0.001860133644040305,0.6274906355610148,0.9727531712804881,1.290312455516784,0.7231731331813603,1.0986289811985956,0,2.2876416232617567
SAN FRANCISCO PD - DOC,BURGLARY:SECOND DEGREE,M,0.002992901977552165,1.220853532098843,2.604347815900803,0.705714785346488,0.3457407625380522,0.22760481806319727,0,1.8957382860526162
SAN FRANCISCO PD - DOC,CONTEMPT:DISOBEY CRT ORDR,M,0.0021767630028483153,1.0258056573792567,1.5666009582723137,2.0288302568126824,0.4753701760671813,1.251764954090801,0,0.6516279973777646
SAN FRANCISCO PD - DOC,DISORD CONDUCT:UI/DRUG,M,0.004039350565968723,1.4071164403466279,0.8786827186928615,2.2817009098938694,0.5635782359185292,1.51776630688785,0,0.3511553882602622
SAN FRANCISCO PD - DOC,POSS UNLAW PARAPHERNALIA,M,9.870618475875715e-4,1.2339297547397778,2.2562076523207204,1.6534976594162205,0.41933267482663017,0,0,1.4370322586966504
SAN FRANCISCO PD - DOC,POSSESS BURGLARY TOOLS,M,9.038810301226905e-4,1.908935286612868,3.4647722876081177,1.168370120769439,0.4579223050095754,0,0,0
SAN FRANCISCO PD - DOC,PROB VIOL:REAREST/REVOKE,X,0.001579080735429814,0.8355887294809345,1.8069784645666,0.6687863163869194,0.1310595701288033,0.862779077469179,0,2.6948078419675636
SAN FRANCISCO PD - DOC,REC KNWN STOLN PROP,M,0.0010351266691315136,1.2256601653888795,3.697793432373395,1.5767195487818504,0.4998268534558749,0,0,0
SAN FRANCISCO PD - DOC,TAKE VEH W/O OWNER CONSNT,M,0.0015299357238980054,1.0614519851884714,2.4108830262008447,1.129531503895746,0.1352695012943581,1.3357402525633617,0,0.9271237308572177
SAN FRANCISCO PD - DOC,THRTN CRIME:INT:TERRORIZE,M,0.0013423253324455799,1.0585802957586063,2.3849182701959415,1.1443561952997223,0.8479650987729006,0.5074767596322338,0,1.0567033803405947
SAN FRANCISCO PD - DOC,VANDALISM,M,0.0025610328411589897,0.9907827061772605,1.0869718546995848,0.8247200671177117,0.2424259920350528,0.5319720224856381,0,3.3231273574847524
SAN FRANCISCO PD - DOC,VIO ORD:PREVNT DOMES VIOL,M,0.0010334220921868699,0.7366090975284207,1.2121830830368874,1.3006166905732555,0.400521033852029,1.9775043960214618,0,1.3725656989879462
