AGENCY_NAME,Offense.Description,Offense.Level,TOTAL,WHITE_ARRESTS_COUNT,BLACK_ARRESTS_COUNT,HISPANIC_ARRESTS_COUNT,ASIAN_ARRESTS_COUNT,MULTIRACIAL_ARRESTS_COUNT,NATIVEAM_ARRESTS_COUNT,PACISL_ARRESTS_COUNT,Hispanic,White,Black,Native American,Asian,Pacific Islander,Multiracial,Total,WHITE_ARRESTS_PROP,WHITE_ARRESTS_PROP_POP,WHITE_ARREST_PERCENT_DIFF,BLACK_ARRESTS_PROP,BLACK_ARRESTS_PROP_POP,BLACK_ARREST_PERCENT_DIFF,HISPANIC_ARRESTS_PROP,HISPANIC_ARRESTS_PROP_POP,HISPANIC_ARREST_PERCENT_DIFF,ASIAN_ARRESTS_PROP,ASIAN_ARRESTS_PROP_POP,ASIAN_ARREST_PERCENT_DIFF,MULTIRACIAL_ARRESTS_PROP,MULTIRACIAL_ARRESTS_PROP_POP,MULTIRACIAL_ARREST_PERCENT_DIFF,NATIVE_ARRESTS_PROP,NATIVE_ARRESTS_PROP_POP,NATIVE_ARREST_PERCENT_DIFF,PACISL_ARRESTS_PROP,PACISL_ARRESTS_PROP_POP,PACISL_ARREST_PERCENT_DIFF
"CHP-HQ A/C, STAFF",UNSAFE LANE CHANGE/ETC,I,61,8,11,36,5,0,1,0,15105860,14777594,2263222,292018,10833624,152027,1834714,45259059,13.114754098360656,32.651129578279566,-59.833689468786545,18.0327868852459,5.000594466623798,260.612863242656,59.01639344262295,33.37643409687329,76.82054730991055,8.19672131147541,23.936918352633004,-65.75699014082241,0,4.0538050073025165,-100,1.639344262295082,0.6452144751838521,154.0774153939983,0,0.3359040231039713,-100
"CHP-HQ A/C, STAFF",DUI ALCOHOL,M,12272,3230,1316,6664,803,124,44,91,15105860,14777594,2263222,292018,10833624,152027,1834714,45259059,26.32007822685789,32.651129578279566,-19.389991810982444,10.723598435462842,5.000594466623798,114.44647245516369,54.30247718383312,33.37643409687329,62.69706052546873,6.543350717079531,23.936918352633004,-72.66418917972464,1.0104302477183833,4.0538050073025165,-75.07452267935444,0.35853976531942633,0.6452144751838521,-44.430917298118366,0.7415254237288136,0.3359040231039713,120.75514811541615
"CHP-HQ A/C, STAFF",DUI ALCOHOL AND DRUG,M,10922,3478,1172,5280,695,146,71,80,15105860,14777594,2263222,292018,10833624,152027,1834714,45259059,31.843984618201794,32.651129578279566,-2.4720276771518073,10.7306354147592,5.000594466623798,114.58719531008276,48.342794360007325,33.37643409687329,44.84110021967891,6.363303424281268,23.936918352633004,-73.41636324885856,1.3367515107123238,4.0538050073025165,-67.02477035021907,0.650064090825856,0.6452144751838521,0.7516284628645442,0.7324665812122322,0.3359040231039713,118.05829368870467
"CHP-HQ A/C, STAFF",DUI ALCOHOL/DRUGS,M,8556,2592,922,4264,549,109,57,63,15105860,14777594,2263222,292018,10833624,152027,1834714,45259059,30.294530154277698,32.651129578279566,-7.217512699988005,10.77606358111267,5.000594466623798,115.49565062787903,49.83637213651239,33.37643409687329,49.31604734006341,6.416549789621319,23.936918352633004,-73.19391871963539,1.2739597942964003,4.0538050073025165,-68.57372784331038,0.6661991584852734,0.6452144751838521,3.2523577986129046,0.7363253856942497,0.3359040231039713,119.20707554798686
"CHP-HQ A/C, STAFF",DUI ANY DRUG,M,1353,582,136,511,86,18,11,9,15105860,14777594,2263222,292018,10833624,152027,1834714,45259059,43.01552106430155,32.651129578279566,31.74282672571508,10.051736881005175,5.000594466623798,101.01083877316903,37.76792313377679,33.37643409687329,13.157454221015469,6.356245380635625,23.936918352633004,-73.44584926515216,1.3303769401330376,4.0538050073025165,-67.1820194178926,0.8130081300813009,0.6452144751838521,26.00587267507234,0.6651884700665188,0.3359040231039713,98.02932513869449
"CHP-HQ A/C, STAFF",DUI ALCOHOL/0.08 PERCENT,M,1034,344,87,529,50,8,9,7,15105860,14777594,2263222,292018,10833624,152027,1834714,45259059,33.26885880077369,32.651129578279566,1.8919076628364413,8.413926499032883,5.000594466623798,68.25852516518162,51.160541586073506,33.37643409687329,53.28342577754954,4.835589941972921,23.936918352633004,-79.79861120493392,0.7736943907156674,4.0538050073025165,-80.9143659026042,0.8704061895551257,0.6452144751838521,34.901838540913985,0.6769825918762089,0.3359040231039713,101.54048338583446
"CHP-HQ A/C, STAFF",DUI:ALCOHOL/DRUGS,M,930,339,67,445,63,7,7,2,15105860,14777594,2263222,292018,10833624,152027,1834714,45259059,36.45161290322581,32.651129578279566,11.639668746634815,7.204301075268817,5.000594466623798,44.068892675731696,47.8494623655914,33.37643409687329,43.36301543391643,6.774193548387098,23.936918352633004,-71.69980927122161,0.7526881720430108,4.0538050073025165,-81.43255112944209,0.7526881720430108,0.6452144751838521,16.657049863695992,0.21505376344086022,0.3359040231039713,-35.97761603042923
"CHP-HQ A/C, STAFF",DUI ALCOHOL/DRUG,M,714,299,91,254,50,10,3,7,15105860,14777594,2263222,292018,10833624,152027,1834714,45259059,41.87675070028011,32.651129578279566,28.255136165756685,12.745098039215685,5.000594466623798,154.87165824547793,35.57422969187675,33.37643409687329,6.584872394170331,7.002801120448179,23.936918352633004,-70.74476748725725,1.400560224089636,4.0538050073025165,-65.45072539091866,0.42016806722689076,0.6452144751838521,-34.879317903218926,0.9803921568627451,0.3359040231039713,191.86675044951377
"CHP-HQ A/C, STAFF",UNDER INFLUENCE CNTL SUB,M,504,296,56,129,12,6,1,4,15105860,14777594,2263222,292018,10833624,152027,1834714,45259059,58.730158730158735,32.651129578279566,79.8717517241047,11.11111111111111,5.000594466623798,122.1958046242628,25.595238095238095,33.37643409687329,-23.31344318884005,2.380952380952381,23.936918352633004,-90.05322094566746,1.1904761904761905,4.0538050073025165,-70.63311658228086,0.1984126984126984,0.6452144751838521,-69.24856678763116,0.7936507936507936,0.3359040231039713,136.27308369722542
"CHP-HQ A/C, STAFF",DUI DRUG,M,254,130,28,76,11,6,2,1,15105860,14777594,2263222,292018,10833624,152027,1834714,45259059,51.181102362204726,32.651129578279566,56.75139887427297,11.023622047244094,5.000594466623798,120.44623135950485,29.92125984251969,33.37643409687329,-10.352137212516906,4.330708661417323,23.936918352633004,-81.90782707440303,2.3622047244094486,4.0538050073025165,-41.72870376956519,0.7874015748031495,0.6452144751838521,22.03718377192043,0.39370078740157477,0.3359040231039713,17.206332857678753
"CHP-HQ A/C, STAFF",OBSTRUCT/ETC PUB OFCR/ETC,M,197,57,40,82,10,3,5,0,15105860,14777594,2263222,292018,10833624,152027,1834714,45259059,28.934010152284262,32.651129578279566,-11.38435170239266,20.304568527918782,5.000594466623798,306.04309474484575,41.62436548223351,33.37643409687329,24.71184117938137,5.0761421319796955,23.936918352633004,-78.79366902121996,1.5228426395939088,4.0538050073025165,-62.43424050119177,2.5380710659898478,0.6452144751838521,293.3685872851243,0,0.3359040231039713,-100
"CHP-HQ A/C, STAFF",DISORD CONDUCT:UI/DRUG,M,113,55,10,36,5,3,3,1,15105860,14777594,2263222,292018,10833624,152027,1834714,45259059,48.67256637168141,32.651129578279566,49.06855291174903,8.849557522123893,5.000594466623798,76.97010987773145,31.858407079646017,33.37643409687329,-4.548200124738553,4.424778761061947,23.936918352633004,-81.5148353857537,2.6548672566371683,4.0538050073025165,-34.50925113924583,2.6548672566371683,0.6452144751838521,311.47050457612113,0.8849557522123894,0.3359040231039713,163.4549428836319
"CHP-HQ A/C, STAFF",DISORDRLY CONDUCT:TOLUENE,M,81,41,5,31,3,0,1,0,15105860,14777594,2263222,292018,10833624,152027,1834714,45259059,50.617283950617285,32.651129578279566,55.024602837291425,6.172839506172839,5.000594466623798,23.442113680146008,38.2716049382716,33.37643409687329,14.666548341234847,3.7037037037037033,23.936918352633004,-84.5272325821494,0,4.0538050073025165,-100,1.2345679012345678,0.6452144751838521,91.3422510991839,0,0.3359040231039713,-100
"CHP-HQ A/C, STAFF",EVADING PEACE OFFICER,M,74,24,9,26,8,3,4,0,15105860,14777594,2263222,292018,10833624,152027,1834714,45259059,32.432432432432435,32.651129578279566,-0.6697996322694266,12.162162162162163,5.000594466623798,143.21432668331474,35.13513513513514,33.37643409687329,5.269289802371676,10.81081081081081,23.936918352633004,-54.836246456003614,4.054054054054054,4.0538050073025165,0.006143530611099588,5.405405405405405,0.6452144751838521,737.7687750829132,0,0.3359040231039713,-100
"CHP-HQ A/C, STAFF",RECKLESS DRIVING:HIGHWAY,M,74,19,13,32,7,2,0,1,15105860,14777594,2263222,292018,10833624,152027,1834714,45259059,25.675675675675674,32.651129578279566,-21.36359137554664,17.56756756756757,5.000594466623798,251.30958298701015,43.24324324324324,33.37643409687329,29.562202833688207,9.45945945945946,23.936918352633004,-60.481715649003156,2.7027027027027026,4.0538050073025165,-33.32923764625927,0,0.6452144751838521,-100,1.3513513513513513,0.3359040231039713,302.3028181871676
"CHP-HQ A/C, STAFF",DUI ALCOHOL:CAUSE BOD INJ,M,71,25,7,36,2,1,0,0,15105860,14777594,2263222,292018,10833624,152027,1834714,45259059,35.2112676056338,32.651129578279566,7.840886549472731,9.859154929577464,5.000594466623798,97.15965762434587,50.70422535211267,33.37643409687329,51.91624487189497,2.8169014084507045,23.936918352633004,-88.23197971036714,1.4084507042253522,4.0538050073025165,-65.25608159030412,0,0.6452144751838521,-100,0,0.3359040231039713,-100
"CHP-HQ A/C, STAFF",TAKE VEH W/O OWNER CONSNT,M,69,24,12,30,0,2,0,1,15105860,14777594,2263222,292018,10833624,152027,1834714,45259059,34.78260869565217,32.651129578279566,6.528040974087847,17.391304347826086,5.000594466623798,247.78473767275915,43.47826086956522,33.37643409687329,30.26634524039304,0,23.936918352633004,-100,2.898550724637681,4.0538050073025165,-28.498022982944725,0,0.6452144751838521,-100,1.4492753623188406,0.3359040231039713,331.4551963166725
"CHP-HQ A/C, STAFF",DISORD CONDUCT:ALCOHOL,M,68,31,5,25,2,2,3,0,15105860,14777594,2263222,292018,10833624,152027,1834714,45259059,45.588235294117645,32.651129578279566,39.622230173758524,7.352941176470589,5.000594466623798,47.04134129546805,36.76470588235294,33.37643409687329,10.151688990038233,2.941176470588235,23.936918352633004,-87.71280234464804,2.941176470588235,4.0538050073025165,-27.446523320929213,4.411764705882353,0.6452144751838521,583.7671620162014,0,0.3359040231039713,-100
"CHP-HQ A/C, STAFF",ILLEGAL SPEED CONTEST,M,57,4,2,47,3,0,0,1,15105860,14777594,2263222,292018,10833624,152027,1834714,45259059,7.017543859649122,32.651129578279566,-78.5075005052279,3.508771929824561,5.000594466623798,-29.832903802864376,82.45614035087719,33.37643409687329,147.04898106116644,5.263157894736842,23.936918352633004,-78.0123831430544,0,4.0538050073025165,-100,0,0.6452144751838521,-100,1.7543859649122806,0.3359040231039713,422.2878692254457
"CHP-HQ A/C, STAFF",TRESPASS:OCC PROP W/O CON,M,51,26,8,13,4,0,0,0,15105860,14777594,2263222,292018,10833624,152027,1834714,45259059,50.98039215686274,32.651129578279566,56.13668750613856,15.686274509803921,5.000594466623798,213.68819476366517,25.49019607843137,33.37643409687329,-23.628162300240167,7.8431372549019605,23.936918352633004,-67.2341395857281,0,4.0538050073025165,-100,0,0.6452144751838521,-100,0,0.3359040231039713,-100
LAPD,DUI ALCOHOL,M,1609,221,203,1119,56,6,2,2,1958332,1128234,335334,5857,483887,8000,89323,4008967,13.735239279055314,28.14276096560536,-51.19441445051599,12.616532007458048,8.364598660951811,50.8324848430015,69.54630205096333,48.84879321780399,42.37056326217635,3.480422622747048,12.070116815628564,-71.16496322354936,0.3729024238657551,2.2280802012089396,-83.26350982951955,0.1243008079552517,0.1460974859608473,-14.919269734344978,0.1243008079552517,0.19955265284049484,-37.71027035425731
LAPD,THRTN CRIME:INT:TERRORIZE,M,785,131,268,335,47,2,0,2,1958332,1128234,335334,5857,483887,8000,89323,4008967,16.687898089171973,28.14276096560536,-40.702697544256345,34.14012738853503,8.364598660951811,308.15021464102387,42.675159235668794,48.84879321780399,-12.638252811299914,5.987261146496816,12.070116815628564,-50.39599667548848,0.25477707006369427,2.2280802012089396,-88.56517508097535,0,0.1460974859608473,-100,0.25477707006369427,0.19955265284049484,27.674108280254767
LAPD,SHOPLIFTING,M,744,195,237,271,35,3,1,2,1958332,1128234,335334,5857,483887,8000,89323,4008967,26.209677419354836,28.14276096560536,-6.868848257685299,31.85483870967742,8.364598660951811,280.82925434766344,36.424731182795696,48.84879321780399,-25.433713335788354,4.704301075268817,12.070116815628564,-61.02522330871215,0.4032258064516129,2.2280802012089396,-81.90254523904366,0.13440860215053765,0.1460974859608473,-8.00074260924801,0.2688172043010753,0.19955265284049484,34.70991263440861
LAPD,BATTERY ON PERSON,M,616,118,196,264,29,6,1,2,1958332,1128234,335334,5857,483887,8000,89323,4008967,19.155844155844157,28.14276096560536,-31.933316069253298,31.818181818181817,8.364598660951811,280.3910158501402,42.857142857142854,48.84879321780399,-12.265708047169008,4.707792207792208,12.070116815628564,-60.99629954122325,0.974025974025974,2.2280802012089396,-56.284070317689874,0.16233766233766234,0.1460974859608473,11.115986199219922,0.3246753246753247,0.19955265284049484,62.70158279220778
LAPD,BAT:SPOUSE/EX SP/DATE/ETC,M,614,83,157,326,40,5,1,2,1958332,1128234,335334,5857,483887,8000,89323,4008967,13.517915309446254,28.14276096560536,-51.966634240445856,25.570032573289904,8.364598660951811,205.69347807035467,53.09446254071661,48.84879321780399,8.691451811270541,6.514657980456026,12.070116815628564,-46.02655400964512,0.8143322475570033,2.2280802012089396,-63.4513942938341,0.16286644951140067,0.1460974859608473,11.477927522344428,0.32573289902280134,0.19955265284049484,63.231555374592844
LAPD,TAKE VEH W/O OWNER CONSNT,M,606,70,161,360,14,1,0,0,1958332,1128234,335334,5857,483887,8000,89323,4008967,11.55115511551155,28.14276096560536,-58.95514612219894,26.567656765676567,8.364598660951811,217.62022115539756,59.4059405940594,48.84879321780399,21.611889835607315,2.31023102310231,12.070116815628564,-80.85991164467448,0.16501650165016502,2.2280802012089396,-92.59378088990566,0,0.1460974859608473,-100,0,0.19955265284049484,-100
LAPD,PROSTITUTION,M,508,56,243,172,34,2,1,0,1958332,1128234,335334,5857,483887,8000,89323,4008967,11.023622047244094,28.14276096560536,-60.82963551189381,47.834645669291334,8.364598660951811,471.87018299630176,33.85826771653544,48.84879321780399,-30.68760661994191,6.692913385826772,12.070116815628564,-44.549721530775166,0.39370078740157477,2.2280802012089396,-82.33004417040483,0.19685039370078738,0.1460974859608473,34.739069879369026,0,0.19955265284049484,-100
LAPD,TRESPASSING,M,393,83,124,165,17,2,0,2,1958332,1128234,335334,5857,483887,8000,89323,4008967,21.119592875318066,28.14276096560536,-24.95550489474238,31.552162849872772,8.364598660951811,277.2107201887249,41.98473282442748,48.84879321780399,-14.051647832468358,4.325699745547073,12.070116815628564,-64.16190653642975,0.5089058524173028,2.2280802012089396,-77.15944640856401,0,0.1460974859608473,-100,0.5089058524173028,0.19955265284049484,155.02334605597963
LAPD,VIO ORD:PREVNT DOMES VIOL,M,339,49,64,211,14,1,0,0,1958332,1128234,335334,5857,483887,8000,89323,4008967,14.454277286135694,28.14276096560536,-48.63944833344187,18.87905604719764,8.364598660951811,125.70187539696475,62.24188790560472,48.84879321780399,27.41745252146645,4.129793510324483,12.070116815628564,-65.78497479844465,0.2949852507374631,2.2280802012089396,-86.7605640686809,0,0.1460974859608473,-100,0,0.19955265284049484,-100
LAPD,DISORD CONDUCT:ALCOHOL,M,297,44,62,172,9,4,5,1,1958332,1128234,335334,5857,483887,8000,89323,4008967,14.814814814814813,28.14276096560536,-47.35834613767739,20.875420875420875,8.364598660951811,149.5687088117322,57.91245791245792,48.84879321780399,18.554531437944476,3.0303030303030303,12.070116815628564,-74.89416981963797,1.3468013468013467,2.2280802012089396,-39.553282414583535,1.6835016835016834,0.1460974859608473,1052.3139309548733,0.33670033670033667,0.19955265284049484,68.72756734006731
LAPD,DUI ANY DRUG,M,296,59,76,144,17,0,0,0,1958332,1128234,335334,5857,483887,8000,89323,4008967,19.93243243243243,28.14276096560536,-29.17385590989871,25.675675675675674,8.364598660951811,206.95645680571158,48.64864864864865,48.84879321780399,-0.409722648137779,5.743243243243244,12.070116815628564,-52.41766644870572,0,2.2280802012089396,-100,0,0.1460974859608473,-100,0,0.19955265284049484,-100
LAPD,PETTY THEFT,M,257,88,68,89,9,1,1,1,1958332,1128234,335334,5857,483887,8000,89323,4008967,34.24124513618677,28.14276096560536,21.66981476350052,26.459143968871597,8.364598660951811,216.32293480367414,34.63035019455253,48.84879321780399,-29.10705073072152,3.501945525291829,12.070116815628564,-70.98664761257771,0.38910505836575876,2.2280802012089396,-82.53630824623667,0.38910505836575876,0.1460974859608473,166.33248053976448,0.38910505836575876,0.19955265284049484,94.98866731517508
LAPD,POSS UNLAW PARAPHERNALIA,M,255,54,104,91,5,1,0,0,1958332,1128234,335334,5857,483887,8000,89323,4008967,21.176470588235293,28.14276096560536,-24.753400655621203,40.78431372549019,8.364598660951811,387.58243376197237,35.68627450980392,48.84879321780399,-26.945432713786477,1.9607843137254901,12.070116815628564,-83.75505105976573,0.39215686274509803,2.2280802012089396,-82.39933811483462,0,0.1460974859608473,-100,0,0.19955265284049484,-100
LAPD,DRIV:SUSP/ETC LIC:DUI:VIO,M,251,11,36,196,8,0,0,0,1958332,1128234,335334,5857,483887,8000,89323,4008967,4.382470119521913,28.14276096560536,-84.42771793116552,14.342629482071715,8.364598660951811,71.4682325289192,78.08764940239044,48.84879321780399,59.85584138019141,3.187250996015936,12.070116815628564,-73.59386785810527,0,2.2280802012089396,-100,0,0.1460974859608473,-100,0,0.19955265284049484,-100
LAPD,ASLT/BATT PEACE OFR/ETC,M,249,60,59,118,11,1,0,0,1958332,1128234,335334,5857,483887,8000,89323,4008967,24.096385542168676,28.14276096560536,-14.3780328745355,23.694779116465863,8.364598660951811,183.27454880865287,47.389558232931726,48.84879321780399,-2.9872487911132497,4.417670682730924,12.070116815628564,-63.399934315375816,0.4016064257028112,2.2280802012089396,-81.97522578025233,0,0.1460974859608473,-100,0,0.19955265284049484,-100
LAPD,ASSAULT & BATTERY,M,231,45,72,98,12,3,1,0,1958332,1128234,335334,5857,483887,8000,89323,4008967,19.480519480519483,28.14276096560536,-30.77964346025759,31.16883116883117,8.364598660951811,272.6279338940148,42.42424242424242,48.84879321780399,-13.151913016389521,5.194805194805195,12.070116815628564,-56.961433976522216,1.2987012987012987,2.2280802012089396,-41.712093756919835,0.4329004329004329,0.1460974859608473,196.30929653125315,0,0.19955265284049484,-100
LAPD,VANDALISM,M,193,29,46,107,10,0,1,0,1958332,1128234,335334,5857,483887,8000,89323,4008967,15.025906735751295,28.14276096560536,-46.60827075881009,23.83419689119171,8.364598660951811,184.9413086901124,55.44041450777202,48.84879321780399,13.49392862291954,5.181347150259067,12.070116815628564,-57.07293285223071,0,2.2280802012089396,-100,0.5181347150259068,0.1460974859608473,254.6499870399973,0,0.19955265284049484,-100
LAPD,VANDALISM:DEFACE PROPERTY,M,193,21,36,129,5,2,0,0,1958332,1128234,335334,5857,483887,8000,89323,4008967,10.880829015544041,28.14276096560536,-61.33702365293144,18.65284974093264,8.364598660951811,122.9975459313923,66.83937823834198,48.84879321780399,36.82912890052919,2.5906735751295336,12.070116815628564,-78.53646642611535,1.0362694300518136,2.2280802012089396,-53.490478956298716,0,0.1460974859608473,-100,0,0.19955265284049484,-100
LAPD,VANDALISM:DAMAGE PROPERTY,M,185,48,47,82,4,2,0,2,1958332,1128234,335334,5857,483887,8000,89323,4008967,25.945945945945947,28.14276096560536,-7.805968370851196,25.405405405405407,8.364598660951811,203.72533620775675,44.32432432432433,48.84879321780399,-9.262191746081083,2.1621621621621623,12.070116815628564,-82.08665089833627,1.0810810810810811,2.2280802012089396,-51.47925642467921,0,0.1460974859608473,-100,1.0810810810810811,0.19955265284049484,441.75229729729733
LAPD,LOCAL ORDINANCE VIOL,M,159,18,29,107,5,0,0,0,1958332,1128234,335334,5857,483887,8000,89323,4008967,11.320754716981133,28.14276096560536,-59.77383053916857,18.238993710691823,8.364598660951811,118.04983657896624,67.29559748427673,48.84879321780399,37.76307059260044,3.1446540880503147,12.070116815628564,-73.94678000151109,0,2.2280802012089396,-100,0,0.1460974859608473,-100,0,0.19955265284049484,-100
LAPD,LOITER:INT:PROSTITUTION,M,156,12,101,39,3,0,1,0,1958332,1128234,335334,5857,483887,8000,89323,4008967,7.6923076923076925,28.14276096560536,-72.66683357148634,64.74358974358975,8.364598660951811,674.0190817023915,25,48.84879321780399,-48.82166302751525,1.9230769230769231,12.070116815628564,-84.06745392400101,0,2.2280802012089396,-100,0.641025641025641,0.1460974859608473,338.76568909435554,0,0.19955265284049484,-100
LAPD,TRESPAS:REFUSE LEAVE PROP,M,145,29,55,53,7,0,0,1,1958332,1128234,335334,5857,483887,8000,89323,4008967,20,28.14276096560536,-28.93376728586447,37.93103448275862,8.364598660951811,353.4710632302163,36.55172413793103,48.84879321780399,-25.17374180574644,4.827586206896552,12.070116815628564,-60.00381536783702,0,2.2280802012089396,-100,0,0.1460974859608473,-100,0.6896551724137931,0.19955265284049484,245.60060344827588
LAPD,REC KNWN STOLN PROP,M,125,21,36,64,2,0,1,1,1958332,1128234,335334,5857,483887,8000,89323,4008967,16.8,28.14276096560536,-40.30436452012615,28.799999999999997,8.364598660951811,244.30821091806968,51.2,48.84879321780399,4.8132341196487705,1.6,12.070116815628564,-86.74412166476884,0,2.2280802012089396,-100,0.8,0.1460974859608473,447.57957998975587,0.8,0.19955265284049484,300.89669999999995
LAPD,UNDER INFLUENCE CNTL SUB,M,124,53,24,40,4,3,0,0,1958332,1128234,335334,5857,483887,8000,89323,4008967,42.74193548387097,28.14276096560536,51.875416687467066,19.35483870967742,8.364598660951811,131.38992669225118,32.25806451612903,48.84879321780399,-33.96343616453581,3.225806451612903,12.070116815628564,-73.27443884025978,2.4193548387096775,2.2280802012089396,8.584728565738061,0,0.1460974859608473,-100,0,0.19955265284049484,-100
LAPD,CRRY LOAD F/ARM PUB PLACE,M,118,7,47,59,4,1,0,0,1958332,1128234,335334,5857,483887,8000,89323,4008967,5.932203389830509,28.14276096560536,-78.92103266953607,39.83050847457627,8.364598660951811,376.1795525291101,50,48.84879321780399,2.3566739449694967,3.389830508474576,12.070116815628564,-71.9155120016289,0.847457627118644,2.2280802012089396,-61.96467134985447,0,0.1460974859608473,-100,0,0.19955265284049484,-100
LAPD,OBSTRUCT/ETC PUB OFCR/ETC,M,115,16,45,52,1,1,0,0,1958332,1128234,335334,5857,483887,8000,89323,4008967,13.91304347826087,28.14276096560536,-50.56262072060137,39.130434782608695,8.364598660951811,367.8100691821599,45.21739130434783,48.84879321780399,-7.433964432375408,0.8695652173913043,12.070116815628564,-92.79571829607002,0.8695652173913043,2.2280802012089396,-60.97244538506806,0,0.1460974859608473,-100,0,0.19955265284049484,-100
LAPD,VANDALISM $400 OR MORE,M,114,22,28,63,1,0,0,0,1958332,1128234,335334,5857,483887,8000,89323,4008967,19.298245614035086,28.14276096560536,-31.427319310921863,24.561403508771928,8.364598660951811,193.63517012993276,55.26315789473685,48.84879321780399,13.131060676018933,0.8771929824561403,12.070116815628564,-92.73252284252678,0,2.2280802012089396,-100,0,0.1460974859608473,-100,0,0.19955265284049484,-100
LAPD,CONTEMPT:VIOL PROTECT ORD,M,95,10,20,62,1,2,0,0,1958332,1128234,335334,5857,483887,8000,89323,4008967,10.526315789473683,28.14276096560536,-62.596719624139205,21.052631578947366,8.364598660951811,151.68728868279948,65.26315789473685,48.84879321780399,33.60239546501283,1.0526315789473684,12.070116815628564,-91.27902741103213,2.1052631578947367,2.2280802012089396,-5.51223619542794,0,0.1460974859608473,-100,0,0.19955265284049484,-100
LAPD,POSSESS CNTL SUB,M,89,22,27,39,0,1,0,0,1958332,1128234,335334,5857,483887,8000,89323,4008967,24.719101123595504,28.14276096560536,-12.16533035331564,30.337078651685395,8.364598660951811,262.6842109389779,43.82022471910113,48.84879321780399,-10.294150924633469,0,12.070116815628564,-100,1.1235955056179776,2.2280802012089396,-49.57113729531265,0,0.1460974859608473,-100,0,0.19955265284049484,-100
LAPD,BATTERY:SPOUSE/ETC,M,87,15,22,44,6,0,0,0,1958332,1128234,335334,5857,483887,8000,89323,4008967,17.24137931034483,28.14276096560536,-38.73600628091764,25.287356321839084,8.364598660951811,202.3140421534776,50.57471264367817,48.84879321780399,3.5331874385898505,6.896551724137931,12.070116815628564,-42.86259338262431,0,2.2280802012089396,-100,0,0.1460974859608473,-100,0,0.19955265284049484,-100
LAPD,DRIVE:LIC SUSPENDED/ETC,M,85,3,35,39,2,6,0,0,1958332,1128234,335334,5857,483887,8000,89323,4008967,3.5294117647058822,28.14276096560536,-87.4589001092702,41.17647058823529,8.364598660951811,392.27072639429895,45.88235294117647,48.84879321780399,-6.072699203439756,2.3529411764705883,12.070116815628564,-80.50606127171888,7.0588235294117645,2.2280802012089396,216.8119139329769,0,0.1460974859608473,-100,0,0.19955265284049484,-100
LAPD,VANDALISM -$400,M,78,17,15,44,1,1,0,0,1958332,1128234,335334,5857,483887,8000,89323,4008967,21.794871794871796,28.14276096560536,-22.55602845254461,19.230769230769234,8.364598660951811,129.90665793140343,56.41025641025641,48.84879321780399,15.479324450734813,1.282051282051282,12.070116815628564,-89.37830261600067,1.282051282051282,2.2280802012089396,-42.459374606190096,0,0.1460974859608473,-100,0,0.19955265284049484,-100
LAPD,EXHIBIT DEADWPN:NOT F/ARM,M,73,11,25,36,1,0,0,0,1958332,1128234,335334,5857,483887,8000,89323,4008967,15.068493150684931,28.14276096560536,-46.45694795510337,34.24657534246575,8.364598660951811,309.42281549428003,49.31506849315068,48.84879321780399,0.954527726545253,1.36986301369863,12.070116815628564,-88.65078909654866,0,2.2280802012089396,-100,0,0.1460974859608473,-100,0,0.19955265284049484,-100
LAPD,CONTEMPT:DISOBEY CRT ORDR,M,70,15,12,37,6,0,0,0,1958332,1128234,335334,5857,483887,8000,89323,4008967,21.428571428571427,28.14276096560536,-23.85760780628336,17.142857142857142,8.364598660951811,104.94536364170817,52.85714285714286,48.84879321780399,8.205626741824904,8.571428571428571,12.070116815628564,-28.98636606126165,0,2.2280802012089396,-100,0,0.1460974859608473,-100,0,0.19955265284049484,-100
LAPD,INDECENT EXPOSURE,M,64,14,27,22,0,0,1,0,1958332,1128234,335334,5857,483887,8000,89323,4008967,21.875,28.14276096560536,-22.27130796891426,42.1875,8.364598660951811,404.3577308370162,34.375,48.84879321780399,-29.629786662833475,0,12.070116815628564,-100,0,2.2280802012089396,-100,1.5625,0.1460974859608473,969.4913671674918,0,0.19955265284049484,-100
LAPD,THEFT,M,64,16,15,30,2,0,0,1,1958332,1128234,335334,5857,483887,8000,89323,4008967,25,28.14276096560536,-11.167209107330585,23.4375,8.364598660951811,180.1987393538979,46.875,48.84879321780399,-4.040618176591098,3.125,12.070116815628564,-74.10961262650164,0,2.2280802012089396,-100,0,0.1460974859608473,-100,1.5625,0.19955265284049484,683.0013671875
LAPD,TRESPASS:INJURE PROPERTY,M,62,15,21,20,5,1,0,0,1958332,1128234,335334,5857,483887,8000,89323,4008967,24.193548387096776,28.14276096560536,-14.032783007094107,33.87096774193548,8.364598660951811,304.9323717114395,32.25806451612903,48.84879321780399,-33.96343616453581,8.064516129032258,12.070116815628564,-33.1860971006494,1.6129032258064515,2.2280802012089396,-27.610180956174634,0,0.1460974859608473,-100,0,0.19955265284049484,-100
LAPD,PETTY THEFT:-$950,M,58,13,18,21,5,1,0,0,1958332,1128234,335334,5857,483887,8000,89323,4008967,22.413793103448278,28.14276096560536,-20.356808165192934,31.03448275862069,8.364598660951811,271.02177900654067,36.206896551724135,48.84879321780399,-25.879649901918643,8.620689655172415,12.070116815628564,-28.578241728280386,1.7241379310344827,2.2280802012089396,-22.617779642807363,0,0.1460974859608473,-100,0,0.19955265284049484,-100
LAPD,OBSTRUCT/RESIST EXEC OFCR,M,57,6,26,22,0,2,1,0,1958332,1128234,335334,5857,483887,8000,89323,4008967,10.526315789473683,28.14276096560536,-62.596719624139205,45.614035087719294,8.364598660951811,445.32245881273224,38.59649122807017,48.84879321780399,-20.987830638970927,0,12.070116815628564,-100,3.508771929824561,2.2280802012089396,57.47960634095344,1.7543859649122806,0.1460974859608473,1100.8324122582364,0,0.19955265284049484,-100
LAPD,ENTER NONCOMM DWELLING,M,56,7,16,32,1,0,0,0,1958332,1128234,335334,5857,483887,8000,89323,4008967,12.5,28.14276096560536,-55.58360455366529,28.57142857142857,8.364598660951811,241.5756060695136,57.14285714285714,48.84879321780399,16.979055937107987,1.7857142857142856,12.070116815628564,-85.20549292942951,0,2.2280802012089396,-100,0,0.1460974859608473,-100,0,0.19955265284049484,-100
LAPD,PROB VIOL:REARREST/REVOKE,X,166,18,20,121,5,2,0,0,1958332,1128234,335334,5857,483887,8000,89323,4008967,10.843373493975903,28.14276096560536,-61.47011479354097,12.048192771084338,8.364598660951811,44.037906173891294,72.89156626506023,48.84879321780399,49.218765630618165,3.0120481927710845,12.070116815628564,-75.04540976048351,1.2048192771084338,2.2280802012089396,-45.92567734075695,0,0.1460974859608473,-100,0,0.19955265284049484,-100
LAPD,PRCS VIOLATION,X,119,6,31,78,4,0,0,0,1958332,1128234,335334,5857,483887,8000,89323,4008967,5.042016806722689,28.14276096560536,-82.08414301324314,26.05042016806723,8.364598660951811,211.43658200455658,65.54621848739495,48.84879321780399,34.181858280800334,3.361344537815126,12.070116815628564,-72.15151610245553,0,2.2280802012089396,-100,0,0.1460974859608473,-100,0,0.19955265284049484,-100
LAPD,PROB VIOL:REAREST/REVOKE,X,114,14,14,83,2,1,0,0,1958332,1128234,335334,5857,483887,8000,89323,4008967,12.280701754385964,28.14276096560536,-56.362839561495726,12.280701754385964,8.364598660951811,46.81758506496637,72.80701754385966,48.84879321780399,49.045683112850334,1.7543859649122806,12.070116815628564,-85.46504568505355,0.8771929824561403,2.2280802012089396,-60.63009841476163,0,0.1460974859608473,-100,0,0.19955265284049484,-100
LAPD,PRCS:FLASH INCARCERATION,X,73,5,23,45,0,0,0,0,1958332,1128234,335334,5857,483887,8000,89323,4008967,6.8493150684931505,28.14276096560536,-75.66224907050153,31.506849315068493,8.364598660951811,276.6689902547376,61.64383561643836,48.84879321780399,26.193159658181575,0,12.070116815628564,-100,0,2.2280802012089396,-100,0,0.1460974859608473,-100,0,0.19955265284049484,-100
LAPD,IN CUSTODY ARREST,X,53,11,18,24,0,0,0,0,1958332,1128234,335334,5857,483887,8000,89323,4008967,20.754716981132077,28.14276096560536,-26.252022655142365,33.9622641509434,8.364598660951811,306.02383362979924,45.28301886792453,48.84879321780399,-7.299616049838938,0,12.070116815628564,-100,0,2.2280802012089396,-100,0,0.1460974859608473,-100,0,0.19955265284049484,-100
LOS ANGELES CO SD,POSSESS CNTL SUB,M,1798,440,175,1067,25,81,2,8,4893579,2676982,799579,19915,1471537,24950,219180,10105722,24.47163515016685,26.489764907445508,-7.618526492514925,9.733036707452724,7.912141260169239,23.013940062598635,59.34371523915461,48.423843442358695,22.55060941165148,1.3904338153503892,14.561423716187722,-90.45125090478162,4.505005561735262,2.168870269734315,107.71208055183132,0.11123470522803114,0.19706657277926307,-43.554757329328176,0.44493882091212456,0.24688983132526307,80.21755635854578
LOS ANGELES CO SD,POSS UNLAW PARAPHERNALIA,M,1072,279,158,563,24,43,0,5,4893579,2676982,799579,19915,1471537,24950,219180,10105722,26.026119402985078,26.489764907445508,-1.7502816883441388,14.738805970149254,7.912141260169239,86.28087499330105,52.51865671641791,48.423843442358695,8.45619220401923,2.2388059701492535,14.561423716187722,-84.62508877026629,4.0111940298507465,2.168870269734315,84.9439353669648,0,0.19706657277926307,-100,0.46641791044776115,0.24688983132526307,88.91742440104086
LOS ANGELES CO SD,UNDER INFLUENCE CNTL SUB,M,651,160,71,376,18,23,0,3,4893579,2676982,799579,19915,1471537,24950,219180,10105722,24.577572964669738,26.489764907445508,-7.218606693781221,10.906298003072196,7.912141260169239,37.84255923204931,57.757296466973884,48.423843442358695,19.274498596389318,2.7649769585253456,14.561423716187722,-81.01163037065146,3.5330261136712746,2.168870269734315,62.8970696391199,0,0.19706657277926307,-100,0.4608294930875576,0.24688983132526307,86.65389765706527
LOS ANGELES CO SD,DISORD CONDUCT:UI/DRUG,M,347,93,66,158,12,16,0,2,4893579,2676982,799579,19915,1471537,24950,219180,10105722,26.801152737752158,26.489764907445508,1.1755024304467414,19.020172910662826,7.912141260169239,140.39223119552832,45.53314121037464,48.423843442358695,-5.96958445775789,3.45821325648415,14.561423716187722,-76.25085758173698,4.610951008645533,2.168870269734315,112.5969023131278,0,0.19706657277926307,-100,0.57636887608069165,0.24688983132526307,133.45184894284245
LOS ANGELES CO SD,DUI ALCOHOL,M,320,79,43,165,23,9,0,1,4893579,2676982,799579,19915,1471537,24950,219180,10105722,24.6875,26.489764907445508,-6.803627415126449,13.4375,7.912141260169239,69.83392432142415,51.5625,48.423843442358695,6.481634530677854,7.187499999999999,14.561423716187722,-50.64012873954241,2.8125,2.168870269734315,29.675805844511356,0,0.19706657277926307,-100,0.3125,0.24688983132526307,26.574674348697386
LOS ANGELES CO SD,POSSESS NARCOTIC CNTL SUB,M,319,112,58,132,7,8,0,2,4893579,2676982,799579,19915,1471537,24950,219180,10105722,35.10971786833856,26.489764907445508,32.540692569416606,18.181818181818183,7.912141260169239,129.796430371483,41.37931034482759,48.423843442358695,-14.5476537935626,2.19435736677116,14.561423716187722,-84.93033779154628,2.507836990595611,2.168870269734315,15.628722731434705,0,0.19706657277926307,-100,0.6269592476489028,0.24688983132526307,153.94292032340536
LOS ANGELES CO SD,BAT:SPOUSE/EX SP/DATE/ETC,M,292,45,84,140,11,10,0,2,4893579,2676982,799579,19915,1471537,24950,219180,10105722,15.41095890410959,26.489764907445508,-41.822968388148986,28.767123287671232,7.912141260169239,263.5820233959765,47.94520547945205,48.423843442358695,-0.9884344754178641,3.767123287671233,14.561423716187722,-74.12943019106451,3.4246575342465753,2.168870269734315,57.90052462040956,0,0.19706657277926307,-100,0.684931506849315,0.24688983132526307,177.42394377796685
LOS ANGELES CO SD,LOITER:INT:PROSTITUTION,M,279,24,208,42,1,4,0,0,4893579,2676982,799579,19915,1471537,24950,219180,10105722,8.60215053763441,26.489764907445508,-67.52651234282342,74.55197132616487,7.912141260169239,842.2477288350415,15.053763440860216,48.423843442358695,-68.91249770626023,0.35842293906810035,14.561423716187722,-97.53854467767704,1.4336917562724014,2.168870269734315,-33.896841305864385,0,0.19706657277926307,-100,0,0.24688983132526307,-100
LOS ANGELES CO SD,DUI ALCOHOL/0.08 PERCENT,M,171,42,24,89,8,8,0,0,4893579,2676982,799579,19915,1471537,24950,219180,10105722,24.561403508771928,26.489764907445508,-7.279647084114263,14.035087719298245,7.912141260169239,77.38671818149562,52.046783625730995,48.423843442358695,7.48172785517297,4.678362573099415,14.561423716187722,-67.87153052967926,4.678362573099415,2.168870269734315,115.70504415981095,0,0.19706657277926307,-100,0,0.24688983132526307,-100
LOS ANGELES CO SD,SHOPLIFTING,M,158,37,49,62,5,5,0,0,4893579,2676982,799579,19915,1471537,24950,219180,10105722,23.417721518987342,26.489764907445508,-11.59709570542358,31.0126582278481,7.912141260169239,291.96289863996617,39.24050632911392,48.423843442358695,-18.964494473009267,3.1645569620253164,14.561423716187722,-78.26753054024984,3.1645569620253164,2.168870269734315,45.90807971253036,0,0.19706657277926307,-100,0,0.24688983132526307,-100
LOS ANGELES CO SD,DRIVE W/O LICENSE,M,125,14,12,85,5,9,0,0,4893579,2676982,799579,19915,1471537,24950,219180,10105722,11.200000000000001,26.489764907445508,-57.71951907035609,9.6,7.912141260169239,21.33251523614301,68,48.423843442358695,40.42668893257879,4,14.561423716187722,-72.53015860287577,7.199999999999999,2.168870269734315,231.97006296194905,0,0.19706657277926307,-100,0,0.24688983132526307,-100
LOS ANGELES CO SD,SEXUAL BATT:SEX AROUSAL,M,120,22,40,50,3,3,0,2,4893579,2676982,799579,19915,1471537,24950,219180,10105722,18.333333333333332,26.489764907445508,-30.79087943064243,33.33333333333333,7.912141260169239,321.2934556810521,41.66666666666667,48.423843442358695,-13.954234722684552,2.5,14.561423716187722,-82.83134912679736,2.5,2.168870269734315,15.267382972898982,0,0.19706657277926307,-100,1.6666666666666667,0.24688983132526307,575.0649298597194
LOS ANGELES CO SD,BATTERY,M,116,31,33,44,3,4,0,1,4893579,2676982,799579,19915,1471537,24950,219180,10105722,26.72413793103448,26.489764907445508,0.8847682280604038,28.448275862068968,7.912141260169239,259.55217338296694,37.93103448275862,48.423843442358695,-21.668682644099054,2.586206896551724,14.561423716187722,-82.23932668289382,3.4482758620689653,2.168870269734315,58.98949375572272,0,0.19706657277926307,-100,0.8620689655172413,0.24688983132526307,249.1715154446824
LOS ANGELES CO SD,DRIVE:LIC SUSPENDED/ETC,M,114,15,24,72,1,2,0,0,4893579,2676982,799579,19915,1471537,24950,219180,10105722,13.157894736842104,26.489764907445508,-50.32838236648979,21.052631578947366,7.912141260169239,166.08007727224344,63.1578947368421,48.423843442358695,30.42726526245708,0.8771929824561403,14.561423716187722,-93.97591197431487,1.7543859649122806,2.168870269734315,-19.110608440070894,0,0.19706657277926307,-100,0,0.24688983132526307,-100
LOS ANGELES CO SD,TRESPASSING,M,107,28,24,49,2,4,0,0,4893579,2676982,799579,19915,1471537,24950,219180,10105722,26.168224299065418,26.489764907445508,-1.2138296036357583,22.429906542056074,7.912141260169239,183.48718513117527,45.794392523364486,48.423843442358695,-5.43007479801593,1.8691588785046727,14.561423716187722,-87.16362551536253,3.7383177570093453,2.168870269734315,72.36244182863398,0,0.19706657277926307,-100,0,0.24688983132526307,-100
LOS ANGELES CO SD,VIO ORD:PREVNT DOMES VIOL,M,105,18,21,61,3,2,0,0,4893579,2676982,799579,19915,1471537,24950,219180,10105722,17.142857142857142,26.489764907445508,-35.2849781689124,20,7.912141260169239,152.77607340863128,58.0952380952381,48.423843442358695,19.972381300942683,2.857142857142857,14.561423716187722,-80.37868471633983,1.9047619047619049,2.168870269734315,-12.17723202064839,0,0.19706657277926307,-100,0,0.24688983132526307,-100
LOS ANGELES CO SD,DISORD CONDUCT:ALCOHOL,M,96,27,15,49,1,4,0,0,4893579,2676982,799579,19915,1471537,24950,219180,10105722,28.125,26.489764907445508,6.173082691628096,15.625,7.912141260169239,97.48130735049318,51.041666666666664,48.423843442358695,5.406062464711406,1.0416666666666665,14.561423716187722,-92.8463954694989,4.166666666666666,2.168870269734315,92.11230495483161,0,0.19706657277926307,-100,0,0.24688983132526307,-100
LOS ANGELES CO SD,DELIVER/ETC DRUG PARAPHNL,M,86,23,14,45,1,3,0,0,4893579,2676982,799579,19915,1471537,24950,219180,10105722,26.744186046511626,26.489764907445508,0.9604507248556483,16.27906976744186,7.912141260169239,105.7479667279557,52.32558139534884,48.423843442358695,8.057472673838,1.1627906976744187,14.561423716187722,-92.01458098920807,3.488372093023256,2.168870269734315,60.83820879939393,0,0.19706657277926307,-100,0,0.24688983132526307,-100
LOS ANGELES CO SD,CONTEMPT:DISOBEY CRT ORDR,M,84,15,13,46,2,7,1,0,4893579,2676982,799579,19915,1471537,24950,219180,10105722,17.857142857142858,26.489764907445508,-32.58851892595042,15.476190476190476,7.912141260169239,95.6005329947742,54.761904761904766,48.423843442358695,13.08872007875744,2.380952380952381,14.561423716187722,-83.6489039302832,8.333333333333332,2.168870269734315,284.22460990966323,1.1904761904761905,0.19706657277926307,504.0984900111187,0,0.24688983132526307,-100
LOS ANGELES CO SD,DUI ANY DRUG,M,71,13,12,42,3,1,0,0,4893579,2676982,799579,19915,1471537,24950,219180,10105722,18.30985915492958,26.489764907445508,-30.879495462101264,16.901408450704224,7.912141260169239,113.6135831622236,59.154929577464785,48.423843442358695,22.160748450047823,4.225352112676056,14.561423716187722,-70.98256190444624,1.4084507042253522,2.168870269734315,-35.060629311042824,0,0.19706657277926307,-100,0,0.24688983132526307,-100
LOS ANGELES CO SD,POSSESS BURGLARY TOOLS,M,71,13,7,49,1,1,0,0,4893579,2676982,799579,19915,1471537,24950,219180,10105722,18.30985915492958,26.489764907445508,-30.879495462101264,9.859154929577464,7.912141260169239,24.6079235112971,69.01408450704226,48.423843442358695,42.52087319172247,1.4084507042253522,14.561423716187722,-90.32752063481541,1.4084507042253522,2.168870269734315,-35.060629311042824,0,0.19706657277926307,-100,0,0.24688983132526307,-100
LOS ANGELES CO SD,OBSTRUCT/ETC PUB OFCR/ETC,M,65,13,27,19,0,6,0,0,4893579,2676982,799579,19915,1471537,24950,219180,10105722,20,26.489764907445508,-24.499141197064468,41.53846153846154,7.912141260169239,424.99646015638797,29.230769230769234,48.423843442358695,-39.63558620545255,0,14.561423716187722,-100,9.230769230769232,2.168870269734315,325.6026448230117,0,0.19706657277926307,-100,0,0.24688983132526307,-100
RIVERSIDE CO SO,DISORD CONDUCT:ALCOHOL,M,176,68,17,83,3,0,4,1,1130033,861271,140810,9584,148634,6026,58644,2355002,38.63636363636363,36.5719859261266,5.644696775304905,9.659090909090908,5.9791881280780235,61.54519145721827,47.159090909090914,47.9843753848192,-1.719902508076376,1.7045454545454544,6.311417145293295,-72.99266685586439,0,2.490188967992384,-100,2.272727272727273,0.4069635609651287,458.4596486568524,0.5681818181818182,0.2558808867253616,122.04933922698613
RIVERSIDE CO SO,DUI ALCOHOL,M,120,41,5,71,3,0,0,0,1130033,861271,140810,9584,148634,6026,58644,2355002,34.166666666666664,36.5719859261266,-6.576944616348013,4.166666666666666,5.9791881280780235,-30.313838979239183,59.166666666666664,47.9843753848192,23.30402592962625,2.5,6.311417145293295,-60.38924472193442,0,2.490188967992384,-100,0,0.4069635609651287,-100,0,0.2558808867253616,-100
RIVERSIDE CO SO,TRESPASSING,M,55,21,9,24,0,0,1,0,1130033,861271,140810,9584,148634,6026,58644,2355002,38.18181818181819,36.5719859261266,4.4018179897131064,16.363636363636363,5.9791881280780235,173.6765596451698,43.63636363636363,47.9843753848192,-9.061307380967072,0,6.311417145293295,-100,0,2.490188967992384,-100,1.8181818181818181,0.4069635609651287,346.7677189254818,0,0.2558808867253616,-100
RIVERSIDE CO SO,UNDER INFLUENCE CNTL SUB,M,55,23,8,21,2,0,0,1,1130033,861271,140810,9584,148634,6026,58644,2355002,41.81818181818181,36.5719859261266,14.344848274447658,14.545454545454545,5.9791881280780235,143.2680530179287,38.18181818181819,47.9843753848192,-20.42864395834617,3.6363636363636362,6.311417145293295,-42.38435595917734,0,2.490188967992384,-100,0,0.4069635609651287,-100,1.8181818181818181,0.2558808867253616,610.5578855263554
SAN BERNARDINO CO SO,DISORD CONDUCT:ALCOHOL,M,469,197,76,183,6,6,1,0,1108996,632557,168985,6935,146972,6057,50718,2121220,42.00426439232409,29.82043352410405,40.85732307805575,16.204690831556505,7.966406124777251,103.4128134787957,39.01918976545842,52.28104581325841,-25.36647047033018,1.279317697228145,6.928654264998444,-81.53584161803414,1.279317697228145,2.3909825477791085,-46.49405959000186,0.21321961620469082,0.3269344999575716,-34.7821608816562,0,0.28554322512516384,-100
SAN BERNARDINO CO SO,POSS UNLAW PARAPHERNALIA,M,460,218,61,160,8,8,2,3,1108996,632557,168985,6935,146972,6057,50718,2121220,47.391304347826086,29.82043352410405,58.9222514472145,13.260869565217392,7.966406124777251,66.45987359310257,34.78260869565217,52.28104581325841,-33.469944691061734,1.7391304347826086,6.928654264998444,-74.89944846045802,1.7391304347826086,2.3909825477791085,-27.262938978872103,0.43478260869565216,0.3269344999575716,32.98768063697061,0.6521739130434783,0.28554322512516384,128.39761397161743
SAN BERNARDINO CO SO,UNDER INFLUENCE CNTL SUB,M,374,169,46,143,8,6,1,1,1108996,632557,168985,6935,146972,6057,50718,2121220,45.18716577540107,29.82043352410405,51.53088146379894,12.299465240641712,7.966406124777251,54.39164220347376,38.23529411764706,52.28104581325841,-26.865858318483305,2.13903743315508,6.928654264998444,-69.12766388184676,1.6042780748663104,2.3909825477791085,-32.90297846981517,0.267379679144385,0.3269344999575716,-18.216132228600973,0.267379679144385,0.28554322512516384,-6.361049530352932
SAN BERNARDINO CO SO,BAT:SPOUSE/EX SP/DATE/ETC,M,285,95,63,115,6,5,1,0,1108996,632557,168985,6935,146972,6057,50718,2121220,33.33333333333333,29.82043352410405,11.780176858897033,22.105263157894736,7.966406124777251,177.4809972233599,40.35087719298245,52.28104581325841,-22.819299871867678,2.1052631578947367,6.928654264998444,-69.61512182055444,1.7543859649122806,2.3909825477791085,-26.624894583949928,0.3508771929824561,0.3269344999575716,7.323391391239436,0,0.28554322512516384,-100
SAN BERNARDINO CO SO,TRESPASSING,M,221,76,64,68,10,2,0,1,1108996,632557,168985,6935,146972,6057,50718,2121220,34.38914027149321,29.82043352410405,15.3207254471879,28.95927601809955,7.966406124777251,263.51744518811216,30.76923076923077,52.28104581325841,-41.14648953440076,4.524886877828054,6.928654264998444,-34.69313513467582,0.904977375565611,2.3909825477791085,-62.150398111177786,0,0.3269344999575716,-100,0.4524886877828055,0.28554322512516384,58.465916179402775
SAN BERNARDINO CO SO,SHOPLIFTING,M,193,61,44,75,5,5,0,3,1108996,632557,168985,6935,146972,6057,50718,2121220,31.606217616580313,29.82043352410405,5.988457850664048,22.797927461139896,7.966406124777251,186.17581258170352,38.860103626943,52.28104581325841,-25.670760746166778,2.5906735751295336,6.928654264998444,-62.60928203306568,2.5906735751295336,2.3909825477791085,8.351839604011765,0,0.3269344999575716,-100,1.5544041450777202,0.28554322512516384,444.36737008779295
SAN BERNARDINO CO SO,POSSESS CNTL SUB,M,191,96,11,80,4,0,0,0,1108996,632557,168985,6935,146972,6057,50718,2121220,50.26178010471204,29.82043352410405,68.54812008043115,5.7591623036649215,7.966406124777251,-27.706895512737194,41.8848167539267,52.28104581325841,-19.885273711749736,2.094240837696335,6.928654264998444,-69.774204952384,0,2.3909825477791085,-100,0,0.3269344999575716,-100,0,0.28554322512516384,-100
SAN BERNARDINO CO SO,DUI ALCOHOL,M,173,57,23,88,3,2,0,0,1108996,632557,168985,6935,146972,6057,50718,2121220,32.947976878612714,29.82043352410405,10.487920479025396,13.294797687861271,7.966406124777251,66.88576353785889,50.86705202312138,52.28104581325841,-2.704601195598961,1.7341040462427744,6.928654264998444,-74.9719934071041,1.1560693641618496,2.3909825477791085,-51.64877446572424,0,0.3269344999575716,-100,0,0.28554322512516384,-100
SAN BERNARDINO CO SO,DUI ALCOHOL/0.08 PERCENT,M,150,63,16,68,3,0,0,0,1108996,632557,168985,6935,146972,6057,50718,2121220,42,29.82043352410405,40.84302284221028,10.666666666666668,7.966406124777251,33.89559231095463,45.33333333333333,52.28104581325841,-13.289161247350467,2,6.928654264998444,-71.13436572952672,0,2.3909825477791085,-100,0,0.3269344999575716,-100,0,0.28554322512516384,-100
SAN BERNARDINO CO SO,OBSTRUCT/ETC PUB OFCR/ETC,M,133,40,31,55,3,4,0,0,1108996,632557,168985,6935,146972,6057,50718,2121220,30.075187969924812,29.82043352410405,0.8542949102830518,23.308270676691727,7.966406124777251,192.58200387497132,41.35338345864661,52.28104581325841,-20.901766949429607,2.2556390977443606,6.928654264998444,-67.44477337916547,3.007518796992481,2.3909825477791085,25.785894998942982,0,0.3269344999575716,-100,0,0.28554322512516384,-100
SAN BERNARDINO CO SO,TAKE VEH W/O OWNER CONSNT,M,91,34,13,38,3,2,0,1,1108996,632557,168985,6935,146972,6057,50718,2121220,37.362637362637365,29.82043352410405,25.292066369313183,14.285714285714285,7.966406124777251,79.32445398788563,41.75824175824176,52.28104581325841,-20.127378653829606,3.296703296703297,6.928654264998444,-52.41928416954952,2.197802197802198,2.3909825477791085,-8.079538270003193,0,0.3269344999575716,-100,1.098901098901099,0.28554322512516384,284.8457964356924
SAN BERNARDINO CO SO,FALSE ID TO SPECIFIC PO'S,M,63,16,21,26,0,0,0,0,1108996,632557,168985,6935,146972,6057,50718,2121220,25.396825396825395,29.82043352410405,-14.834150964649872,33.33333333333333,7.966406124777251,318.4237259717331,41.269841269841265,52.28104581325841,-21.061561359632776,0,6.928654264998444,-100,0,2.3909825477791085,-100,0,0.3269344999575716,-100,0,0.28554322512516384,-100
SAN BERNARDINO CO SO,ENTER NONCOMM DWELLING,M,55,9,22,24,0,0,0,0,1108996,632557,168985,6935,146972,6057,50718,2121220,16.363636363636363,29.82043352410405,-45.12609499654145,40,7.966406124777251,402.10847116607977,43.63636363636363,52.28104581325841,-16.535021521513816,0,6.928654264998444,-100,0,2.3909825477791085,-100,0,0.3269344999575716,-100,0,0.28554322512516384,-100
SAN BERNARDINO CO SO,DRIVE:LIC SUSPENDED/ETC,M,51,19,5,27,0,0,0,0,1108996,632557,168985,6935,146972,6057,50718,2121220,37.254901960784316,29.82043352410405,24.930785901120238,9.803921568627452,7.966406124777251,23.065801756392123,52.94117647058824,52.28104581325841,1.2626577128692822,0,6.928654264998444,-100,0,2.3909825477791085,-100,0,0.3269344999575716,-100,0,0.28554322512516384,-100
SAN DIEGO CO SO,DISORD CONDUCT:ALCOHOL,M,489,245,43,186,8,4,3,0,1095458,1517153,154599,11725,383200,13122,108408,3283665,50.10224948875256,46.203038373281075,8.439295883463753,8.793456032719837,4.7081233926116095,86.77199596168785,38.036809815950924,33.36083309350985,14.016366765585245,1.6359918200409,11.669887153531192,-85.98108277725835,0.81799591002045,3.301433002453052,-75.2230043919517,0.6134969325153374,0.3570705294236775,71.81393645270579,0,0.3996144551895519,-100
SAN DIEGO CO SO,POSSESS CNTL SUB,M,306,193,28,69,11,2,3,0,1095458,1517153,154599,11725,383200,13122,108408,3283665,63.0718954248366,46.203038373281075,36.510276478506825,9.15032679738562,4.7081233926116095,94.35189000664462,22.54901960784314,33.36083309350985,-32.408703509775606,3.594771241830065,11.669887153531192,-69.1961782103238,0.6535947712418301,3.301433002453052,-80.20269468572612,0.9803921568627451,0.3570705294236775,174.5654082528534,0,0.3996144551895519,-100
SAN DIEGO CO SO,UNDER INFLUENCE CNTL SUB,M,294,176,19,85,9,3,2,0,1095458,1517153,154599,11725,383200,13122,108408,3283665,59.863945578231295,46.203038373281075,29.56711871323648,6.462585034013606,4.7081233926116095,37.264563714605444,28.91156462585034,33.36083309350985,-13.336802636757552,3.061224489795918,11.669887153531192,-73.76817402326274,1.0204081632653061,3.301433002453052,-69.09196211138871,0.6802721088435374,0.3570705294236775,90.51477307340846,0,0.3996144551895519,-100
SAN DIEGO CO SO,POSS UNLAW PARAPHERNALIA,M,251,163,17,61,8,0,1,1,1095458,1517153,154599,11725,383200,13122,108408,3283665,64.9402390438247,46.203038373281075,40.55404434479624,6.772908366533864,4.7081233926116095,43.85579564805994,24.302788844621514,33.36083309350985,-27.15173276248464,3.187250996015936,11.669887153531192,-72.68824493258698,0,3.301433002453052,-100,0.398406374501992,0.3570705294236775,11.576381042992203,0.398406374501992,0.3996144551895519,-0.30231155852129044
SAN DIEGO CO SO,DUI ALCOHOL,M,238,109,6,109,9,2,1,2,1095458,1517153,154599,11725,383200,13122,108408,3283665,45.79831932773109,46.203038373281075,-0.8759576421797146,2.5210084033613445,4.7081233926116095,-46.454071120618316,45.79831932773109,33.36083309350985,37.28170156710171,3.7815126050420167,11.669887153531192,-67.59597967579516,0.8403361344537815,3.301433002453052,-74.54632173879071,0.42016806722689076,0.3570705294236775,17.670889251222878,0.8403361344537815,0.3996144551895519,110.2867209984131
SAN DIEGO CO SO,BAT:SPOUSE/EX SP/DATE/ETC,M,166,79,13,61,10,1,1,1,1095458,1517153,154599,11725,383200,13122,108408,3283665,47.59036144578313,46.203038373281075,3.0026663209758437,7.83132530120482,4.7081233926116095,66.3364497518142,36.74698795180723,33.36083309350985,10.150090822990082,6.024096385542169,11.669887153531192,-48.379137636139546,0.6024096385542169,3.301433002453052,-81.7530860657596,0.6024096385542169,0.3570705294236775,68.70886531199426,0.6024096385542169,0.3996144551895519,50.747709631392524
SAN DIEGO CO SO,POSSESS NARCOTIC CNTL SUB,M,104,61,4,32,4,0,2,1,1095458,1517153,154599,11725,383200,13122,108408,3283665,58.65384615384615,46.203038373281075,26.948028136100465,3.8461538461538463,4.7081233926116095,-18.30813414555871,30.76923076923077,33.36083309350985,-7.768398100295815,3.8461538461538463,11.669887153531192,-67.04206479845833,0,3.301433002453052,-100,1.9230769230769231,0.3570705294236775,438.5706084959816,0.9615384615384616,0.3996144551895519,140.61653652703038
SAN DIEGO CO SO,SHOPLIFTING,M,77,36,17,22,0,0,1,1,1095458,1517153,154599,11725,383200,13122,108408,3283665,46.75324675324675,46.203038373281075,1.190848912403684,22.07792207792208,4.7081233926116095,368.9325286709487,28.57142857142857,33.36083309350985,-14.35636966456041,0,11.669887153531192,-100,0,3.301433002453052,-100,1.2987012987012987,0.3570705294236775,263.7100213219616,1.2987012987012987,0.3996144551895519,224.98856881572928
SAN DIEGO CO SO,VIO ORD:PREVNT DOMES VIOL,M,67,36,7,18,2,2,1,1,1095458,1517153,154599,11725,383200,13122,108408,3283665,53.73134328358209,46.203038373281075,16.293960690374398,10.44776119402985,4.7081233926116095,121.9092475449002,26.865671641791046,33.36083309350985,-19.469422221900075,2.9850746268656714,11.669887153531192,-74.42070700775871,2.9850746268656714,3.301433002453052,-9.582456325853586,1.4925373134328357,0.3570705294236775,317.9950991312096,1.4925373134328357,0.3996144551895519,273.49432535539034
SAN DIEGO CO SO,OBSTRUCT/ETC PUB OFCR/ETC,M,60,38,3,17,1,0,1,0,1095458,1517153,154599,11725,383200,13122,108408,3283665,63.33333333333333,46.203038373281075,37.07612218411722,5,4.7081233926116095,6.199425610773674,28.333333333333332,33.36083309350985,-15.0700665840224,1.6666666666666667,11.669887153531192,-85.71822807933195,0,3.301433002453052,-100,1.6666666666666667,0.3570705294236775,366.76119402985074,0,0.3996144551895519,-100
SAN DIEGO CO SO,DISORD CONDUCT:UI/DRUG,M,53,24,8,19,2,0,0,0,1095458,1517153,154599,11725,383200,13122,108408,3283665,45.28301886792453,46.203038373281075,-1.9912532546530182,15.09433962264151,4.7081233926116095,220.60203957969412,35.84905660377358,33.36083309350985,7.4585173076742075,3.7735849056603774,11.669887153531192,-67.66391263244968,0,3.301433002453052,-100,0,0.3570705294236775,-100,0,0.3996144551895519,-100
SAN DIEGO PD,LOCAL ORDINANCE VIOL,I,94,56,17,14,5,0,2,0,441408,584024,85813,3583,245728,4422,47202,1412180,59.57446808510638,41.356201050857536,44.05208063440122,18.085106382978726,6.076633290373748,197.61720872029758,14.893617021276595,31.25720517214519,-52.35141165292341,5.319148936170213,17.40061465252305,-69.43125836420411,0,3.3424917503434406,-100,2.127659574468085,0.2537211970145449,738.5817186358752,0,0.31313288674248324,-100
SAN DIEGO PD,DISORD CONDUCT:ALCOHOL,M,1708,968,243,370,83,21,6,17,441408,584024,85813,3583,245728,4422,47202,1412180,56.674473067915685,41.356201050857536,37.03984318632313,14.227166276346603,6.076633290373748,134.12909083858096,21.662763466042154,31.25720517214519,-30.69513621983423,4.859484777517564,17.40061465252305,-72.07291308636071,1.2295081967213115,3.3424917503434406,-63.21581955752084,0.351288056206089,0.2537211970145449,38.45435869749226,0.9953161592505856,0.31313288674248324,217.85743414077157
SAN DIEGO PD,UNDER INFLUENCE CNTL SUB,M,786,399,161,180,27,10,1,8,441408,584024,85813,3583,245728,4422,47202,1412180,50.76335877862596,41.356201050857536,22.746667945152957,20.483460559796438,6.076633290373748,237.08567854909316,22.900763358778626,31.25720517214519,-26.734449760765543,3.435114503816794,17.40061465252305,-80.25865998176846,1.2722646310432568,3.3424917503434406,-61.93664110277815,0.1272264631043257,0.2537211970145449,-49.855800539585076,1.0178117048346056,0.31313288674248324,225.0414593698176
SAN DIEGO PD,DUI ALCOHOL,M,612,280,57,191,54,20,3,7,441408,584024,85813,3583,245728,4422,47202,1412180,45.751633986928105,41.356201050857536,10.628231859752574,9.313725490196079,6.076633290373748,53.27114612873456,31.209150326797385,31.25720517214519,-0.15374005795831824,8.823529411764707,17.40061465252305,-49.29185211003271,3.2679738562091507,3.3424917503434406,-2.2294114600771473,0.49019607843137253,0.2537211970145449,93.20265086218691,1.1437908496732025,0.31313288674248324,265.27330666926804
SAN DIEGO PD,DIS CON:LODGE W/O CONSENT,M,611,385,108,104,10,1,1,2,441408,584024,85813,3583,245728,4422,47202,1412180,63.0114566284779,41.356201050857536,52.36277759407821,17.6759410801964,6.076633290373748,190.88378770852609,17.02127659574468,31.25720517214519,-45.54447046048389,1.6366612111292964,17.40061465252305,-90.59423334283203,0.16366612111292964,3.3424917503434406,-95.10346970651123,0.16366612111292964,0.2537211970145449,-35.49371395108653,0.32733224222585927,0.31313288674248324,4.534610091929888
SAN DIEGO PD,BAT:SPOUSE/EX SP/DATE/ETC,M,404,155,79,128,31,4,4,3,441408,584024,85813,3583,245728,4422,47202,1412180,38.366336633663366,41.356201050857536,-7.229543191158691,19.554455445544555,6.076633290373748,221.79752358138168,31.683168316831683,31.25720517214519,1.3627678557329492,7.673267326732673,17.40061465252305,-55.90232023430237,0.9900990099009901,3.3424917503434406,-70.3784157492907,0.9900990099009901,0.2537211970145449,290.23109679095177,0.7425742574257426,0.31313288674248324,137.14349046844984
SAN DIEGO PD,OBSTRUCT/ETC PUB OFCR/ETC,M,357,127,92,109,13,11,1,4,441408,584024,85813,3583,245728,4422,47202,1412180,35.57422969187675,41.356201050857536,-13.980905431498506,25.770308123249297,6.076633290373748,324.08858477725045,30.532212885154063,31.25720517214519,-2.319440535384794,3.6414565826330536,17.40061465252305,-79.07282785493412,3.081232492997199,3.3424917503434406,-7.81630223378703,0.2801120448179272,0.2537211970145449,10.401514778392526,1.1204481792717087,0.31313288674248324,257.8187493903034
SAN DIEGO PD,POSS UNLAW PARAPHERNALIA,M,283,122,82,62,7,4,1,5,441408,584024,85813,3583,245728,4422,47202,1412180,43.109540636042404,41.356201050857536,4.239605042611892,28.975265017667844,6.076633290373748,376.8308968646962,21.908127208480565,31.25720517214519,-29.910153234032716,2.4734982332155475,17.40061465252305,-85.78499505558042,1.4134275618374559,3.3424917503434406,-57.71335675870475,0.35335689045936397,0.2537211970145449,39.26975539182379,1.76678445229682,0.31313288674248324,464.22832832304914
SAN DIEGO PD,LOCAL ORDINANCE VIOL,M,272,151,76,39,3,1,0,2,441408,584024,85813,3583,245728,4422,47202,1412180,55.51470588235294,41.356201050857536,34.23550633696764,27.941176470588236,6.076633290373748,359.81343838620364,14.338235294117647,31.25720517214519,-54.12822350830284,1.1029411764705883,17.40061465252305,-93.6614815137541,0.3676470588235294,3.3424917503434406,-89.00080878925868,0,0.2537211970145449,-100,0.7352941176470588,0.31313288674248324,134.81855428738658
SAN DIEGO PD,POSSESS CNTL SUB,M,202,100,52,43,3,1,1,2,441408,584024,85813,3583,245728,4422,47202,1412180,49.504950495049506,41.356201050857536,19.7038152372146,25.742574257425744,6.076633290373748,323.6321829425785,21.287128712871286,31.25720517214519,-31.896890346929425,1.4851485148514851,17.40061465252305,-91.46496520663916,0.49504950495049505,3.3424917503434406,-85.18920787464536,0.49504950495049505,0.2537211970145449,95.11554839547588,0.9900990099009901,0.31313288674248324,216.19132062459977
SAN DIEGO PD,CONTEMPT:DISOBEY CRT ORDR,M,179,93,39,37,6,2,1,1,441408,584024,85813,3583,245728,4422,47202,1412180,51.955307262569825,41.356201050857536,25.628819723257713,21.787709497206702,6.076633290373748,258.5490263452549,20.670391061452513,31.25720517214519,-33.869995901383724,3.35195530726257,17.40061465252305,-80.73656951666047,1.1173184357541899,3.3424917503434406,-66.5722903986409,0.5586592178770949,0.2537211970145449,120.18626131779959,0.5586592178770949,0.31313288674248324,78.40962783846132
SAN DIEGO PD,VIO ORD:PREVNT DOMES VIOL,M,141,48,40,45,1,3,1,3,441408,584024,85813,3583,245728,4422,47202,1412180,34.04255319148936,41.356201050857536,-17.68452535177073,28.368794326241137,6.076633290373748,366.8505234828197,31.914893617021278,31.25720517214519,2.104117886592703,0.7092198581560284,17.40061465252305,-95.92416778189387,2.127659574468085,3.3424917503434406,-36.34510618464598,0.7092198581560284,0.2537211970145449,179.52723954529174,2.127659574468085,0.31313288674248324,579.4749655975443
SAN DIEGO PD,BATTERY ON PERSON,M,95,39,26,24,4,1,0,1,441408,584024,85813,3583,245728,4422,47202,1412180,41.05263157894737,41.356201050857536,-0.7340361643393041,27.368421052631582,6.076633290373748,350.38789976000453,25.263157894736842,31.25720517214519,-19.17652984134978,4.2105263157894735,17.40061465252305,-75.80242767355948,1.0526315789473684,3.3424917503434406,-68.5075788492459,0,0.2537211970145449,-100,1.0526315789473684,0.31313288674248324,236.16129876931134
SAN DIEGO PD,APPROPR LOST PROP,M,93,55,21,11,3,2,1,0,441408,584024,85813,3583,245728,4422,47202,1412180,59.13978494623656,41.356201050857536,43.001009385532704,22.58064516129032,6.076633290373748,271.5979569980185,11.827956989247312,31.25720517214519,-62.15926240332013,3.225806451612903,17.40061465252305,-81.46153733054959,2.1505376344086025,3.3424917503434406,-35.66064496082496,1.0752688172043012,0.2537211970145449,323.7993631815713,0,0.31313288674248324,-100
SAN DIEGO PD,TAKE VEH W/O OWNER CONSNT,M,80,25,12,36,5,0,0,2,441408,584024,85813,3583,245728,4422,47202,1412180,31.25,41.356201050857536,-24.436966631508287,15,6.076633290373748,146.8472142915409,45,31.25720517214519,43.966806220095705,6.25,17.40061465252305,-64.08172857793983,0,3.3424917503434406,-100,0,0.2537211970145449,-100,2.5,0.31313288674248324,698.3830845771143
SAN DIEGO PD,DISORD CONDUCT:UI/DRUG,M,78,42,13,19,4,0,0,0,441408,584024,85813,3583,245728,4422,47202,1412180,53.84615384615385,41.356201050857536,30.200919034939567,16.666666666666664,6.076633290373748,174.27468254615653,24.358974358974358,31.25720517214519,-22.06925019425019,5.128205128205128,17.40061465252305,-70.52859780754038,0,3.3424917503434406,-100,0,0.2537211970145449,-100,0,0.31313288674248324,-100
SAN DIEGO PD,DISRD CONDUCT:DRUG W/ALC,M,68,32,9,22,2,1,1,1,441408,584024,85813,3583,245728,4422,47202,1412180,47.05882352941176,41.356201050857536,13.789038484316924,13.23529411764706,6.076633290373748,117.80636555135963,32.35294117647059,31.25720517214519,3.50554695562436,2.941176470588235,17.40061465252305,-83.09728403667756,1.4705882352941175,3.3424917503434406,-56.00323515703472,1.4705882352941175,0.2537211970145449,479.60795258656066,1.4705882352941175,0.31313288674248324,369.6371085747732
SAN DIEGO PD,POSSESS NARCOTIC CNTL SUB,M,67,32,11,20,1,3,0,0,441408,584024,85813,3583,245728,4422,47202,1412180,47.76119402985074,41.356201050857536,15.487382342291802,16.417910447761194,6.076633290373748,170.18103056785571,29.850746268656714,31.25720517214519,-4.499631031445643,1.4925373134328357,17.40061465252305,-91.42250234697072,4.477611940298507,3.3424917503434406,33.96029892484949,0,0.2537211970145449,-100,0,0.31313288674248324,-100
SAN DIEGO PD,TRESPASSING,M,66,23,20,14,8,0,0,1,441408,584024,85813,3583,245728,4422,47202,1412180,34.84848484848485,41.356201050857536,-15.73576884968196,30.303030303030305,6.076633290373748,398.68124099301195,21.21212121212121,31.25720517214519,-32.13685902083031,12.121212121212121,17.40061465252305,-30.340322090549986,0,3.3424917503434406,-100,0,0.2537211970145449,-100,1.5151515151515151,0.31313288674248324,383.86853610734215
SAN DIEGO PD,EXHIBIT DEADWPN:NOT F/ARM,M,64,30,15,11,7,0,0,1,441408,584024,85813,3583,245728,4422,47202,1412180,46.875,41.356201050857536,13.344550052737569,23.4375,6.076633290373748,285.6987723305326,17.1875,31.25720517214519,-45.012678179824555,10.9375,17.40061465252305,-37.14302501139471,0,3.3424917503434406,-100,0,0.2537211970145449,-100,1.5625,0.31313288674248324,398.98942786069654
SAN DIEGO PD,BATT PO/EMERG PRSNL/ETC,M,57,15,21,15,5,0,0,1,441408,584024,85813,3583,245728,4422,47202,1412180,26.31578947368421,41.356201050857536,-36.36797190021751,36.84210526315789,6.076633290373748,506.2914035230828,26.31578947368421,31.25720517214519,-15.808885251406025,8.771929824561402,17.40061465252305,-49.58839098658223,0,3.3424917503434406,-100,0,0.2537211970145449,-100,1.7543859649122806,0.31313288674248324,460.2688312821856
SAN DIEGO PD,PROB VIOL:REAREST/REVOKE,X,65,23,19,19,2,1,0,1,441408,584024,85813,3583,245728,4422,47202,1412180,35.38461538461539,41.356201050857536,-14.439396062753993,29.230769230769234,6.076633290373748,381.03559708095156,29.230769230769234,31.25720517214519,-6.483100233100217,3.076923076923077,17.40061465252305,-82.31715868452423,1.5384615384615385,3.3424917503434406,-53.97261524120556,0,0.2537211970145449,-100,1.5384615384615385,0.31313288674248324,391.3126674320705
SAN FRANCISCO PD - DOC,DISORD CONDUCT:UI/DRUG,M,291,112,51,96,22,9,0,1,135464,356013,42977,1212,303480,3612,33533,876291,38.48797250859107,40.62725738367734,-5.265639407758203,17.525773195876287,4.904421019957982,257.3464252876568,32.98969072164948,15.458791657109339,113.40407098686698,7.560137457044673,34.632331040715925,-78.17028992892074,3.0927835051546393,3.8266968392919702,-19.178768660261113,0,0.13831021886565079,-100,0.3436426116838488,0.412191840381791,-16.630418650317964
SAN FRANCISCO PD - DOC,BURGLARY:SECOND DEGREE,M,221,72,112,22,10,1,0,4,135464,356013,42977,1212,303480,3612,33533,876291,32.57918552036199,40.62725738367734,-19.809537688726174,50.678733031674206,4.904421019957982,933.3275390804109,9.95475113122172,15.458791657109339,-35.604597357752525,4.524886877828054,34.632331040715925,-86.93450096527341,0.4524886877828055,3.8266968392919702,-88.17547595783608,0,0.13831021886565079,-100,1.809954751131222,0.412191840381791,339.1049443033027
SAN FRANCISCO PD - DOC,CONTEMPT:DISOBEY CRT ORDR,M,154,44,49,46,10,4,0,1,135464,356013,42977,1212,303480,3612,33533,876291,28.57142857142857,40.62725738367734,-29.674237417493988,31.818181818181817,4.904421019957982,548.765301524917,29.87012987012987,15.458791657109339,93.22422174176145,6.493506493506493,34.632331040715925,-81.25016047613911,2.5974025974025974,3.8266968392919702,-32.12416069303315,0,0.13831021886565079,-100,0.6493506493506493,0.412191840381791,57.53602709582775
SAN FRANCISCO PD - DOC,VANDALISM,M,126,50,40,22,6,2,0,6,135464,356013,42977,1212,303480,3612,33533,876291,39.682539682539684,40.62725738367734,-2.325329746519417,31.746031746031743,4.904421019957982,547.2941783922075,17.46031746031746,15.458791657109339,12.947491936005479,4.761904761904762,34.632331040715925,-86.25011768250202,1.5873015873015872,3.8266968392919702,-58.52032042352027,0,0.13831021886565079,-100,4.761904761904762,0.412191840381791,1055.2641987027368
SAN FRANCISCO PD - DOC,ADW/FORCE:POSSIBLE GBI,M,117,22,57,20,16,1,0,1,135464,356013,42977,1212,303480,3612,33533,876291,18.803418803418804,40.62725738367734,-53.717233172196885,48.717948717948715,4.904421019957982,893.347604532657,17.094017094017094,15.458791657109339,10.577964133152227,13.675213675213676,34.632331040715925,-60.51315847282632,0.8547008547008548,3.8266968392919702,-77.66478792035706,0,0.13831021886565079,-100,0.8547008547008548,0.412191840381791,107.35511258767072
SAN FRANCISCO PD - DOC,TAKE VEH W/O OWNER CONSNT,M,109,32,53,18,2,3,0,1,135464,356013,42977,1212,303480,3612,33533,876291,29.357798165137616,40.62725738367734,-27.738665970269043,48.62385321100918,4.904421019957982,891.4290191062299,16.51376146788991,15.458791657109339,6.824400213036067,1.834862385321101,34.632331040715925,-94.70188020793655,2.7522935779816518,3.8266968392919702,-28.076518899498414,0,0.13831021886565079,-100,0.9174311926605505,0.412191840381791,122.57383644731628
SAN FRANCISCO PD - DOC,THRTN CRIME:INT:TERRORIZE,M,103,28,46,16,11,1,0,1,135464,356013,42977,1212,303480,3612,33533,876291,27.184466019417474,40.62725738367734,-33.08810938751855,44.66019417475729,4.904421019957982,810.6109363983581,15.53398058252427,15.458791657109339,0.4863829404179372,10.679611650485436,34.632331040715925,-69.16288528794145,0.9708737864077669,3.8266968392919702,-74.62893385127938,0,0.13831021886565079,-100,0.9708737864077669,0.412191840381791,135.53930264813079
SAN FRANCISCO PD - DOC,REC KNWN STOLN PROP,M,102,25,55,17,5,0,0,0,135464,356013,42977,1212,303480,3612,33533,876291,24.509803921568626,40.62725738367734,-39.67152719637965,53.92156862745098,4.904421019957982,999.4482000632349,16.666666666666664,15.458791657109339,7.8135150298234075,4.901960784313726,34.632331040715925,-85.8457093790462,0,3.8266968392919702,-100,0,0.13831021886565079,-100,0,0.412191840381791,-100
SAN FRANCISCO PD - DOC,POSSESS BURGLARY TOOLS,M,94,34,45,11,4,0,0,0,135464,356013,42977,1212,303480,3612,33533,876291,36.17021276595745,40.62725738367734,-10.97057715618918,47.87234042553192,4.904421019957982,876.1058487988876,11.702127659574469,15.458791657109339,-24.301149021613337,4.25531914893617,34.632331040715925,-87.71287112053372,0,3.8266968392919702,-100,0,0.13831021886565079,-100,0,0.412191840381791,-100
SAN FRANCISCO PD - DOC,BATTERY:SPOUSE/ETC,M,93,23,26,25,13,3,0,3,135464,356013,42977,1212,303480,3612,33533,876291,24.731182795698924,40.62725738367734,-39.1266248613792,27.956989247311824,4.904421019957982,470.03648613249237,26.881720430107524,15.458791657109339,73.89276617713453,13.978494623655912,34.632331040715925,-59.63744222928013,3.225806451612903,3.8266968392919702,-15.702586667154073,0,0.13831021886565079,-100,3.225806451612903,0.412191840381791,682.5983281534668
SAN FRANCISCO PD - DOC,BATTERY ON PERSON,M,80,24,30,16,7,2,0,1,135464,356013,42977,1212,303480,3612,33533,876291,30,40.62725738367734,-26.15794928836868,37.5,4.904421019957982,664.6162482257952,20,15.458791657109339,29.37621803578811,8.75,34.632331040715925,-74.73459124159747,2.5,3.8266968392919702,-34.66950466704441,0,0.13831021886565079,-100,1.25,0.412191840381791,203.25685215946842
SAN FRANCISCO PD - DOC,POSS UNLAW PARAPHERNALIA,M,78,24,32,17,4,0,0,1,135464,356013,42977,1212,303480,3612,33533,876291,30.76923076923077,40.62725738367734,-24.264563372685824,41.02564102564102,4.904421019957982,736.5032459222374,21.794871794871796,15.458791657109339,40.9869042697691,5.128205128205128,34.632331040715925,-85.19243442730988,0,3.8266968392919702,-100,0,0.13831021886565079,-100,1.282051282051282,0.412191840381791,211.03266888150603
SAN FRANCISCO PD - DOC,VIO ORD:PREVNT DOMES VIOL,M,55,15,18,14,4,3,0,1,135464,356013,42977,1212,303480,3612,33533,876291,27.27272727272727,40.62725738367734,-32.87086298942608,32.72727272727273,4.904421019957982,567.3014529970576,25.454545454545453,15.458791657109339,64.66064113645758,7.2727272727272725,34.632331040715925,-79.00017973327581,5.454545454545454,3.8266968392919702,42.53926254463038,0,0.13831021886565079,-100,1.8181818181818181,0.412191840381791,341.10087586831764
SAN FRANCISCO PD - DOC,PROB VIOL:REAREST/REVOKE,X,85,26,41,11,2,2,0,3,135464,356013,42977,1212,303480,3612,33533,876291,30.58823529411765,40.62725738367734,-24.710065941081787,48.23529411764706,4.904421019957982,883.5063898747484,12.941176470588237,15.458791657109339,-16.28597656507827,2.3529411764705883,34.632331040715925,-93.20594050194218,2.3529411764705883,3.8266968392919702,-38.51247498074767,0,0.13831021886565079,-100,3.5294117647058822,0.412191840381791,756.2546413914403
